Date,CAD to USD,MXN to USD,BTC to USD
2013-09-02, 0.9496656360000001, 0.0752445576,127.3648
2013-09-03, 0.9500865551000001, 0.0744879378,127.5915
2013-09-04, 0.9534530187, 0.0750215023,120.5738
2013-09-05, 0.9541085495, 0.0745808289,120.5333
2013-09-06, 0.9587048677000001, 0.075046915,116.321
2013-09-09, 0.9631359953, 0.0758637741,120.0188
2013-09-10, 0.9675533470000001, 0.0765521468,121.458
2013-09-11, 0.9673374162, 0.07648496590000001,125.4518
2013-09-12, 0.9690120306000001, 0.0762776069,125.7598
2013-09-13, 0.9676832375000001, 0.0763299613,126.5072
2013-09-16, 0.9707827604, 0.0775645306,125.0618
2013-09-17, 0.9696529694, 0.0773395563,125.9683
2013-09-18, 0.9702078186, 0.0772944623,126.3045
2013-09-19, 0.9794634464, 0.0792768221,124.1937
2013-09-20, 0.9723701252, 0.07823499440000001,122.9008
2013-09-23, 0.9711697462000001, 0.0779088948,122.2235
2013-09-24, 0.9722883741, 0.07762465,122.5383
2013-09-25, 0.9698362540000001, 0.0770371723,123.42299999999999
2013-09-26, 0.9705226832, 0.07698449360000001,123.4763
2013-09-27, 0.9692131453, 0.0759959131,123.4983
2013-09-30, 0.9707446809, 0.0756743733,123.0983
2013-10-01, 0.9707778255, 0.0761216914,125.4938
2013-10-02, 0.9661853017, 0.07579793950000001,99.8135
2013-10-03, 0.9673379350000001, 0.0759025785,116.8168
2013-10-04, 0.9680244979, 0.0763008701,121.2945
2013-10-07, 0.9687366167, 0.0759187783,123.245
2013-10-08, 0.9701300557, 0.0765302096,124.3182
2013-10-09, 0.9633616081, 0.07587240640000001,125.8423
2013-10-10, 0.9629260656, 0.0761037062,125.6982
2013-10-11, 0.9625372499, 0.0765636111,125.5117
2013-10-14, 0.9660280607, 0.076731175,133.0355
2013-10-15, 0.9655098390000001, 0.0769156225,138.6417
2013-10-16, 0.9640292884, 0.077133529,137.4188
2013-10-17, 0.9710711493, 0.0779243002,142.735
2013-10-18, 0.9712541699, 0.078204564,149.5947
2013-10-21, 0.9714265406, 0.07772274130000001,174.1772
2013-10-22, 0.970888952, 0.0769421218,183.8648
2013-10-23, 0.9692014941, 0.0773079388,200.62
2013-10-24, 0.9614848865000001, 0.07680495820000001,183.1482
2013-10-25, 0.9580667594000001, 0.0770874949,178.1217
2013-10-28, 0.9574881912000001, 0.0775990677,187.8683
2013-10-29, 0.9575074762, 0.07741746840000001,198.1932
2013-10-30, 0.9576023392, 0.07763379200000001,194.5493
2013-10-31, 0.9571959862, 0.0771842271,198.2263
2013-11-01, 0.9590257066000001, 0.07642767810000001,198.5098
2013-11-04, 0.9614179954000001, 0.076839051,225.196
2013-11-05, 0.9588573865000001, 0.0765287025,239.29
2013-11-06, 0.9578373016, 0.076321525,253.6933
2013-11-07, 0.9587517934, 0.0761759828,283.3023
2013-11-08, 0.9564876798, 0.0758094012,323.767
2013-11-11, 0.9549408242, 0.0759013068,332.6263
2013-11-12, 0.9528268426000001, 0.0756885904,349.3425
2013-11-13, 0.9533792907, 0.07592135650000001,393.2795
2013-11-14, 0.9525024812, 0.0765344194,410.723
2013-11-15, 0.9556265531, 0.0770697464,409.1675
2013-11-18, 0.9599460266000001, 0.0775252931,674.3768
2013-11-19, 0.9581322736000001, 0.0774352651,541.8257
2013-11-20, 0.9563096501, 0.07716045860000001,572.6675
2013-11-21, 0.9548515132000001, 0.0762616399,695.8668
2013-11-22, 0.9486981543, 0.0767340081,747.4818
2013-11-25, 0.9468890135, 0.07695987430000001,778.6753
2013-11-26, 0.9501332585000001, 0.0764451617,899.2
2013-11-27, 0.9453483521, 0.0762950119,948.4088
2013-11-28, 0.9454646633, 0.0762806986,1037.755
2013-11-29, 0.9456023343000001, 0.0765768553,1120.3971
2013-12-02, 0.9408493779, 0.0760975281,1038.3485
2013-12-03, 0.9386795714, 0.07551892140000001,1068.6675
2013-12-04, 0.9384148025000001, 0.0761409661,1147.2457
2013-12-05, 0.9383585283, 0.07676496170000001,1042.0267
2013-12-06, 0.9390294199, 0.0765974387,834.0262
2013-12-09, 0.9377434566, 0.0779242904,898.0222
2013-12-10, 0.9415228704, 0.0777939338,989.9975
2013-12-11, 0.9441739250000001, 0.0775872272,883.2617
2013-12-12, 0.9453709423000001, 0.0770534536,875.7474
2013-12-13, 0.9385341173, 0.0772125412,898.2112
2013-12-16, 0.9449207765000001, 0.0773876065,712.508
2013-12-17, 0.9444940578000001, 0.07730063420000001,683.8408
2013-12-18, 0.9403597565, 0.0771501198,522.2288
2013-12-19, 0.9329010239000001, 0.0770788215,698.4503
2013-12-20, 0.9352739726, 0.0765844083,622.8418
2013-12-23, 0.9434040209000001, 0.0771157299,673.1677
2013-12-24, 0.9424891521000001, 0.0770222275,667.6203
2013-12-27, 0.9377503224, 0.0762210598,746.7232
2013-12-30, 0.9335545923, 0.0765314055,754.7645
2013-12-31, 0.9400177220000001, 0.0763067764,757.4953
2014-01-02, 0.9406336088, 0.07613834010000001,808.0485
2014-01-03, 0.9423555433, 0.07650524660000001,830.0239999999999
2014-01-06, 0.9383278146, 0.0761905829,951.3865
2014-01-07, 0.9352759685, 0.0765991139,810.5833
2014-01-08, 0.9252654506, 0.0767784022,859.9485
2014-01-09, 0.9209742896, 0.0761983665,860.895
2014-01-10, 0.9194694458, 0.07645258220000001,884.6667
2014-01-13, 0.9165603813000001, 0.0768624537,857.9564
2014-01-14, 0.9182960425000001, 0.0762863235,851.828
2014-01-15, 0.9128480376, 0.07624843790000001,874.7130000000001
2014-01-16, 0.9155612417000001, 0.07535510620000001,847.3735
2014-01-17, 0.9116778523, 0.07508789,828.222
2014-01-20, 0.9142741609, 0.07555723880000001,871.0483
2014-01-21, 0.9091886805, 0.0751173187,874.2885
2014-01-22, 0.9119386932, 0.0751824696,863.95
2014-01-23, 0.8973616685, 0.074878259,854.3475
2014-01-24, 0.9039693547000001, 0.07415092400000001,825.1221
2014-01-27, 0.9057029178, 0.0746546852,814.5302
2014-01-28, 0.8973701512000001, 0.07523882500000001,833.9395
2014-01-29, 0.8968562578, 0.0751200662,837.5148
2014-01-30, 0.8944385872, 0.0749485122,845.8467
2014-01-31, 0.8932654815000001, 0.07442157540000001,848.2875
2014-02-03, 0.9028762542000001, 0.0750339092,846.9048
2014-02-04, 0.9030728123, 0.0746407098,842.0123
2014-02-05, 0.9043135684, 0.0749764712,820.867
2014-02-06, 0.9041876047, 0.0754745473,783.6211
2014-02-07, 0.9034276206, 0.0749427191,703.567
2014-02-10, 0.9053973312, 0.0751935249,679.7338
2014-02-11, 0.9061154177, 0.07530837,669.4418
2014-02-12, 0.9091091762, 0.075137149,648.3835
2014-02-13, 0.9088190337000001, 0.0748392393,598.4075
2014-02-14, 0.9127655324, 0.07544874580000001,656.6068
2014-02-17, 0.9123543124, 0.0756244997,621.494
2014-02-18, 0.9118135334, 0.0757087878,621.2235
2014-02-19, 0.9132283569, 0.07532662550000001,617.71
2014-02-20, 0.9023635526, 0.0750187465,552.2138
2014-02-21, 0.8956481965, 0.0751694562,569.0425
2014-02-24, 0.9010693433, 0.07541482270000001,545.3225
2014-02-25, 0.9029081599000001, 0.0754387889,534.7108
2014-02-26, 0.9012475378, 0.0754233842,577.0858
2014-02-27, 0.8984210526, 0.0750020596,576.698
2014-02-28, 0.8994595299, 0.0754433588,543.9265
2014-03-03, 0.901165074, 0.07523620610000001,661.1225
2014-03-04, 0.9031750197, 0.07524442960000001,663.5980000000001
2014-03-05, 0.9040157999, 0.0754716981,661.7858
2014-03-06, 0.9065426725, 0.07580771480000001,658.7245
2014-03-07, 0.910425267, 0.0759417565,625.8278
2014-03-10, 0.9002529347, 0.0758379545,625.8285
2014-03-11, 0.8999350227, 0.0755744477,628.9543
2014-03-12, 0.8979631426, 0.0753152371,631.3913
2014-03-13, 0.9036816178, 0.0758150031,638.165
2014-03-14, 0.9019684272, 0.0752304216,626.7067
2014-03-17, 0.9033976483, 0.0756945654,621.2225
2014-03-18, 0.9053728427000001, 0.0758151685,613.6315
2014-03-19, 0.8950144741, 0.0760111233,608.8157
2014-03-20, 0.8874701748, 0.07527293410000001,586.5898
2014-03-21, 0.8927761581, 0.0754262569,570.7705
2014-03-24, 0.8916364578, 0.0758041881,586.2718
2014-03-25, 0.8946343995, 0.07607472300000001,582.2802
2014-03-26, 0.8956357969000001, 0.076199264,579.0722
2014-03-27, 0.9014545931, 0.0762617444,478.1595
2014-03-28, 0.9059722131, 0.0764711767,502.4399
2014-03-31, 0.9056157635000001, 0.0765374944,458.4972
2014-04-01, 0.9047962732, 0.07649933710000001,478.7163
2014-04-02, 0.9081034823, 0.0765610518,437.515
2014-04-03, 0.9076588452000001, 0.07625433990000001,447.0822
2014-04-04, 0.9072847682, 0.0762865702,448.8792
2014-04-07, 0.9097719438, 0.0766429676,446.2195
2014-04-08, 0.9149119894000001, 0.0771276745,450.4638
2014-04-09, 0.9146001857, 0.0766226913,440.1983
2014-04-10, 0.9172509591, 0.0769824351,360.8407
2014-04-11, 0.9116719243, 0.0763708434,420.0563
2014-04-14, 0.9118907868, 0.07660769790000001,457.6338
2014-04-15, 0.9098279612, 0.0766782215,520.1233
2014-04-16, 0.9105263158, 0.0766020567,529.1625
2014-04-17, 0.9083458992000001, 0.0765520366,494.4
2014-04-22, 0.9079379682000001, 0.0766665557,484.42900000000003
2014-04-23, 0.90720703, 0.0765112549,486.9317
2014-04-24, 0.9070026908000001, 0.0765023692,500.2568
2014-04-25, 0.9076054859, 0.0761832894,459.6104
2014-04-28, 0.9071335079, 0.0762368341,437.0587
2014-04-29, 0.9115843608, 0.0764276988,444.2533
2014-04-30, 0.9117240471, 0.0762950885,445.8655
2014-05-02, 0.9119736842, 0.0767459114,446.6438
2014-05-05, 0.9102479990000001, 0.0766781992,429.7242
2014-05-06, 0.9155068277, 0.0767579469,426.99199999999996
2014-05-07, 0.9184252176000001, 0.0768093802,436.9605
2014-05-08, 0.9194728171000001, 0.0771484969,435.343
2014-05-09, 0.9233500838, 0.0771383632,448.235
2014-05-12, 0.9191372863, 0.07727675910000001,438.4278
2014-05-13, 0.9175092066, 0.0773455403,437.413
2014-05-14, 0.9171680706, 0.0773620549,441.7498
2014-05-15, 0.9201077804000001, 0.0774144185,444.3162
2014-05-16, 0.9193797409000001, 0.0772319213,445.0133
2014-05-19, 0.9202227590000001, 0.0774172062,444.3128
2014-05-20, 0.9183030628000001, 0.0773124037,485.8305
2014-05-21, 0.9173598068000001, 0.0774563331,489.1625
2014-05-22, 0.9163928931, 0.07733656230000001,526.0577
2014-05-23, 0.9173509221, 0.0775586384,519.0392
2014-05-26, 0.9205374021, 0.0777787285,581.8267
2014-05-27, 0.9217356042, 0.0776306652,569.6332
2014-05-28, 0.9206413639000001, 0.0776278109,574.4547
2014-05-29, 0.9213483146, 0.0777726356,565.5058
2014-05-30, 0.9228212954, 0.0778285564,616.47
2014-06-02, 0.9205329366, 0.0776670775,658.7860000000001
2014-06-03, 0.9165099409, 0.0773723456,665.73
2014-06-04, 0.9149936212, 0.0772313028,636.7837
2014-06-05, 0.9140951354, 0.0775496439,656.0598
2014-06-06, 0.9154475909, 0.077775624,645.5647
2014-06-09, 0.9156853509, 0.07733971390000001,645.341
2014-06-10, 0.9163284632, 0.07666927,649.8068
2014-06-11, 0.9185029494, 0.0766870645,627.9098
2014-06-12, 0.9208985705, 0.07696465250000001,581.8033
2014-06-13, 0.9217462371, 0.0768771976,597.4267
2014-06-16, 0.9190437381000001, 0.0766663834,588.06
2014-06-17, 0.9203635870000001, 0.0766960985,607.3427
2014-06-18, 0.9200244200000001, 0.0764061021,604.8752
2014-06-19, 0.9234524375000001, 0.0770475296,592.2648
2014-06-20, 0.9247311828, 0.07686085520000001,588.5215
2014-06-23, 0.9316157325000001, 0.0770372721,587.4598
2014-06-24, 0.9317824153, 0.0768076706,575.0667
2014-06-25, 0.9312585499, 0.0766226384,562.1263
2014-06-26, 0.9333882143000001, 0.07679889820000001,579.3842
2014-06-27, 0.93569662, 0.0769113487,600.8645
2014-06-30, 0.9361847968, 0.0771098214,639.3623
2014-07-01, 0.9383697813, 0.0770031335,635.5905
2014-07-02, 0.9395252838, 0.0772498685,647.34
2014-07-03, 0.9391603579000001, 0.0769408594,640.6879
2014-07-04, 0.9402809494000001, 0.0770801661,626.9575
2014-07-07, 0.9395824692, 0.07704472920000001,617.9918
2014-07-08, 0.9366556383, 0.07695269810000001,620.2193
2014-07-09, 0.9377498966000001, 0.0769230769,620.5496
2014-07-10, 0.9372373407000001, 0.0768405237,615.1129
2014-07-11, 0.9397898521, 0.07693047680000001,631.1804
2014-07-14, 0.9321431014, 0.0770061031,618.3798
2014-07-15, 0.9316952981000001, 0.0771187401,619.3558
2014-07-16, 0.9291403461000001, 0.0772467019,615.2039
2014-07-17, 0.930384536, 0.0772649631,622.6234
2014-07-18, 0.9306406110000001, 0.07720233580000001,628.2156
2014-07-21, 0.9307353346, 0.07708317890000001,620.0103
2014-07-22, 0.9295959178000001, 0.07706687400000001,618.8076
2014-07-23, 0.9327376004000001, 0.0773081936,617.9274
2014-07-24, 0.9323828639, 0.07726188290000001,600.0065
2014-07-25, 0.9286898839000001, 0.0771695318,599.928
2014-07-28, 0.925137741, 0.077160352,584.6931
2014-07-29, 0.9242893523000001, 0.0768416475,582.2034
2014-07-30, 0.9196404063, 0.076443912,564.37
2014-07-31, 0.9157426420000001, 0.0758640243,581.3501
2014-08-01, 0.9152716092000001, 0.0754575618,595.0845
2014-08-04, 0.9155525239000001, 0.07580909350000001,586.7639
2014-08-05, 0.9131354487000001, 0.075678916,583.1125
2014-08-06, 0.9113569624000001, 0.0751822515,583.0355
2014-08-07, 0.9146767020000001, 0.0755429224,587.3971
2014-08-08, 0.9161078418, 0.0755172492,590.5324
2014-08-11, 0.9129100457, 0.0755916717,573.3066
2014-08-12, 0.9132338853, 0.0757718555,568.2099
2014-08-13, 0.9155074351, 0.07618482800000001,544.5681
2014-08-14, 0.9181599725, 0.07629507070000001,508.5536
2014-08-15, 0.9174261632, 0.0766473922,496.6164
2014-08-18, 0.9192252215000001, 0.07659333360000001,460.6719
2014-08-19, 0.9166666667000001, 0.076604923,486.736
2014-08-20, 0.9130524435, 0.0764379589,511.9259
2014-08-21, 0.9121045392, 0.076286347,516.1605
2014-08-22, 0.9126367201000001, 0.0762716736,513.9419
2014-08-25, 0.9130525005000001, 0.0761935547,501.6296
2014-08-26, 0.9119944694000001, 0.0762657972,513.4704
2014-08-27, 0.9168522126, 0.076513933,510.43
2014-08-28, 0.9221833450000001, 0.07631678010000001,507.0154
2014-08-29, 0.9213357552, 0.076379558,508.4224
2014-09-01, 0.920580401, 0.0764337512,474.1346
2014-09-02, 0.9166841406, 0.0761583443,475.3181
2014-09-03, 0.9173409598000001, 0.0764495239,474.537
2014-09-04, 0.9191384181000001, 0.0764585279,489.0865
2014-09-05, 0.9192758253000001, 0.0760774406,480.501
2014-09-08, 0.9169912883, 0.07655510880000001,472.1479
2014-09-09, 0.9109651910000001, 0.0758468249,471.5576
2014-09-10, 0.9096601703, 0.07554854350000001,477.5273
2014-09-11, 0.9081202585, 0.0756231245,476.3349
2014-09-12, 0.9042657343, 0.07550023060000001,473.8254
2014-09-15, 0.9020470901000001, 0.07555638790000001,471.3586
2014-09-16, 0.9057144856, 0.07561018330000001,463.7388
2014-09-17, 0.9112392742000001, 0.0758539127,454.9143
2014-09-18, 0.9091037503, 0.0753634389,421.4594
2014-09-19, 0.9109079311, 0.0757144625,391.9439
2014-09-22, 0.9087371772, 0.0755144033,398.8854
2014-09-23, 0.908847374, 0.07551457930000001,435.3779
2014-09-24, 0.9027943971, 0.0752659777,422.2984
2014-09-25, 0.8992642898000001, 0.07485044040000001,408.7985
2014-09-26, 0.8999151824, 0.0747398019,401.9203
2014-09-29, 0.8962037821000001, 0.0739096279,374.7344
2014-09-30, 0.8950775359, 0.0740276626,386.2687
2014-10-01, 0.8913643115000001, 0.0744101741,381.3324
2014-10-02, 0.897917111, 0.0745015925,371.9859
2014-10-03, 0.8942444003000001, 0.074629691,356.5566
2014-10-06, 0.8925273476000001, 0.0747720835,328.4594
2014-10-07, 0.8970399886, 0.0745879235,334.0911
2014-10-08, 0.8948411294, 0.0742282202,352.7889
2014-10-09, 0.9000705219, 0.07504954100000001,363.7751
2014-10-10, 0.893081761, 0.0742708376,358.6859
2014-10-13, 0.891882386, 0.0744435376,388.37699999999995
2014-10-14, 0.8891232511, 0.0744215061,398.7068
2014-10-15, 0.8792780285, 0.0742664822,391.8433
2014-10-16, 0.8825280354, 0.0733755396,380.0801
2014-10-17, 0.8894977802, 0.0740631642,380.4216
2014-10-20, 0.8881858007000001, 0.07395634300000001,379.3713
2014-10-21, 0.8889662859, 0.0740465678,382.37699999999995
2014-10-22, 0.8912371858, 0.0738811313,379.0963
2014-10-23, 0.8916807432, 0.0740465823,355.8614
2014-10-24, 0.8920442534, 0.0738538908,355.1695
2014-10-27, 0.8890680878, 0.0736594434,348.9613
2014-10-28, 0.8922796948, 0.074065897,351.8971
2014-10-29, 0.8974774521000001, 0.0743384421,333.3788
2014-10-30, 0.8951257638000001, 0.07433895680000001,343.7828
2014-10-31, 0.8869688385000001, 0.0742334525,336.7995
2014-11-03, 0.8860283688, 0.0740795645,324.2303
2014-11-04, 0.8759624808, 0.0732626895,328.2833
2014-11-05, 0.8738883832000001, 0.0734835192,337.139
2014-11-06, 0.8764792381000001, 0.0736619097,348.235
2014-11-07, 0.8747176736000001, 0.0733556682,341.0795
2014-11-10, 0.8840271878, 0.0739096463,365.2897
2014-11-11, 0.8780212014000001, 0.073523929,366.9933
2014-11-12, 0.8836203842, 0.0734753295,427.2403
2014-11-13, 0.8827156119, 0.0735983172,417.1528
2014-11-14, 0.8785588131000001, 0.0733942788,398.4273
2014-11-17, 0.8841717965, 0.073705755,385.8593
2014-11-18, 0.8856334041, 0.0737545014,372.37699999999995
2014-11-19, 0.8811331365, 0.0736105891,377.2368
2014-11-20, 0.883028169, 0.07350630770000001,356.1388
2014-11-21, 0.8881103882, 0.0734564506,348.8617
2014-11-24, 0.8889048062, 0.0734115364,375.2355
2014-11-25, 0.8872384489, 0.07321370690000001,375.7174
2014-11-26, 0.8874582059, 0.0730994152,368.5104
2014-11-27, 0.8889522046, 0.0728691042,369.1426
2014-11-28, 0.8774161805, 0.0722776462,375.8489
2014-12-01, 0.8772954338000001, 0.0718790352,378.6444
2014-12-02, 0.8795752212, 0.07133178700000001,381.5364
2014-12-03, 0.8786518455000001, 0.0710229236,374.9728
2014-12-04, 0.8794827833000001, 0.070857531,369.155
2014-12-05, 0.8776712815000001, 0.0706440368,376.0361
2014-12-08, 0.8738860769000001, 0.06951698790000001,360.9419
2014-12-09, 0.8731469716, 0.06945364700000001,351.2694
2014-12-10, 0.8735372903, 0.06940702700000001,344.6171
2014-12-11, 0.8702471816, 0.0688444132,347.1331
2014-12-12, 0.8635638482, 0.0672540366,350.9412
2014-12-15, 0.8624973971000001, 0.0676694186,345.0961
2014-12-16, 0.8579934301000001, 0.067624642,326.0815
2014-12-17, 0.8595497859000001, 0.067837991,319.1713
2014-12-18, 0.8622262774, 0.0689703571,310.7458
2014-12-19, 0.8623498841, 0.0688327195,317.006
2014-12-22, 0.8598583152, 0.0686363433,330.6709
2014-12-23, 0.8592837543, 0.06825803130000001,334.0467
2014-12-24, 0.8626800339, 0.0678369781,321.8843
2014-12-29, 0.8599732074, 0.0680328646,312.4412
2014-12-30, 0.8604585338, 0.0678219451,309.8708
2014-12-31, 0.8633293038000001, 0.0679486677,319.6958
2015-01-02, 0.8559954510000001, 0.0674538051,314.5916
2015-01-05, 0.848586283, 0.0673354055,272.9486
2015-01-06, 0.8501498501, 0.0670150354,285.5759
2015-01-07, 0.8453129466, 0.0676819048,294.8778
2015-01-08, 0.8463142754, 0.06798893040000001,283.2513
2015-01-09, 0.8460216286000001, 0.06820832610000001,288.8441
2015-01-12, 0.8405611337000001, 0.06824896650000001,267.0873
2015-01-13, 0.8357213789, 0.0684347483,226.9823
2015-01-14, 0.8357583931, 0.0683992541,177.2795
2015-01-15, 0.8450378925, 0.0691369689,210.4636
2015-01-16, 0.83091926, 0.0682502194,207.2243
2015-01-19, 0.8345318568000001, 0.0684297423,213.9783
2015-01-20, 0.8324227175000001, 0.0683901529,210.4817
2015-01-21, 0.8281305808, 0.0684554564,225.9816
2015-01-22, 0.8094475023000001, 0.06808525600000001,232.6616
2015-01-23, 0.8034727703000001, 0.0679280077,232.9673
2015-01-26, 0.8026268827, 0.0682733118,271.9491
2015-01-27, 0.8026979056, 0.0684461288,262.0605
2015-01-28, 0.8051100071, 0.0683575272,233.2087
2015-01-29, 0.7980111432, 0.06746282540000001,232.4048
2015-01-30, 0.7892899532000001, 0.06713900540000001,226.5033
2015-02-02, 0.7891431761000001, 0.0670015758,237.5409
2015-02-03, 0.7946353730000001, 0.0675402089,226.9566
2015-02-04, 0.8030590051000001, 0.0679558044,226.7291
2015-02-05, 0.7984604619, 0.0675699684,216.7714
2015-02-06, 0.8035237962, 0.0677967106,222.4823
2015-02-09, 0.7999858096, 0.0674854704,220.1743
2015-02-10, 0.8018881317000001, 0.0673061456,220.0829
2015-02-11, 0.7929632745, 0.0666890653,219.4922
2015-02-12, 0.7961765533, 0.0662975665,221.8513
2015-02-13, 0.7995082543, 0.06681029420000001,235.7869
2015-02-16, 0.8030409686000001, 0.0672609783,233.5618
2015-02-17, 0.8081415929, 0.06741274430000001,243.5983
2015-02-18, 0.8032207939, 0.0669244305,236.2137
2015-02-19, 0.7986953777, 0.0669008913,239.835
2015-02-20, 0.802813899, 0.0666265657,243.7756
2015-02-23, 0.7925084175, 0.0661921083,238.0845
2015-02-24, 0.7909509845, 0.0661902619,238.7601
2015-02-25, 0.803768773, 0.06696808010000001,237.2513
2015-02-26, 0.80194161, 0.0671931127,236.0951
2015-02-27, 0.80314398, 0.0666180663,252.5111
2015-03-02, 0.8004991087000001, 0.0669006531,271.3525
2015-03-03, 0.7987983692, 0.0664892509,281.4497
2015-03-04, 0.7990231289, 0.0664980901,271.9222
2015-03-05, 0.8038489470000001, 0.0664541383,274.865
2015-03-06, 0.8022098639, 0.06586322700000001,272.2111
2015-03-09, 0.7942079860000001, 0.0646078612,288.5161
2015-03-10, 0.7915376677, 0.0643583642,290.512
2015-03-11, 0.7875223347, 0.064072977,295.8301
2015-03-12, 0.7901280524000001, 0.0650067377,293.8671
2015-03-13, 0.7853216461, 0.0645764234,284.2838
2015-03-16, 0.7824056918000001, 0.0646851219,290.3763
2015-03-17, 0.7828487302, 0.0648380725,284.4553
2015-03-18, 0.7797982773000001, 0.0649142913,255.3662
2015-03-19, 0.786345559, 0.0654665187,259.7404
2015-03-20, 0.7891614793, 0.0662526898,260.83799999999997
2015-03-23, 0.7984195507, 0.0667555762,265.9432
2015-03-24, 0.8022565756000001, 0.0669982929,245.4422
2015-03-25, 0.8011815331000001, 0.0671409624,246.1339
2015-03-26, 0.8037061452, 0.0668091376,247.648
2015-03-27, 0.7994108984, 0.0660871259,246.5814
2015-03-30, 0.7910861478000001, 0.0655996516,246.852
2015-03-31, 0.7831562091000001, 0.06515709410000001,243.3894
2015-04-01, 0.7889524648, 0.0656405061,246.5548
2015-04-02, 0.7909150661000001, 0.066171349,252.2566
2015-04-07, 0.799749318, 0.06699028530000001,252.7965
2015-04-08, 0.8053681323, 0.0673061432,244.3604
2015-04-09, 0.7984881049, 0.0671072383,243.2604
2015-04-10, 0.7896309577, 0.0658620324,235.2201
2015-04-13, 0.7919543681000001, 0.0653787531,223.4056
2015-04-14, 0.7947637677, 0.0651041827,218.2741
2015-04-15, 0.7967914439, 0.0652529252,223.5659
2015-04-16, 0.8126707132000001, 0.0656814349,228.107
2015-04-17, 0.8202988698, 0.0658567035,222.2325
2015-04-20, 0.8161820673, 0.06511060240000001,224.3076
2015-04-21, 0.8177302254000001, 0.0648276614,235.815
2015-04-22, 0.8168339416, 0.0648234748,233.923
2015-04-23, 0.8179195140000001, 0.0648485943,235.5616
2015-04-24, 0.8251257814, 0.0651126417,230.78599999999997
2015-04-27, 0.8226529837000001, 0.06496149250000001,228.4994
2015-04-28, 0.8285562633, 0.065304049,225.6763
2015-04-29, 0.8295882974000001, 0.0654020604,225.9764
2015-04-30, 0.8319732938000001, 0.06562547540000001,236.5704
2015-05-04, 0.8253404381, 0.0643460098,238.7688
2015-05-05, 0.8271577381, 0.0647647566,236.5532
2015-05-06, 0.8326536665000001, 0.0652739997,230.0478
2015-05-07, 0.8285086112000001, 0.0652103691,237.7829
2015-05-08, 0.8262278183, 0.0653276279,243.3946
2015-05-11, 0.8255167815000001, 0.0659001384,241.8539
2015-05-12, 0.8305498079, 0.0648846809,240.99
2015-05-13, 0.8351443882, 0.06543543930000001,235.7981
2015-05-14, 0.8368633199000001, 0.06569212890000001,236.739
2015-05-15, 0.8307421531, 0.06550968360000001,237.3101
2015-05-18, 0.8293162455, 0.066529196,232.8655
2015-05-19, 0.8209722426, 0.0660994803,231.9434
2015-05-20, 0.8188245692, 0.0658977216,234.2455
2015-05-21, 0.8186029412, 0.0658761294,235.3048
2015-05-22, 0.8196769457, 0.065651279,240.519
2015-05-25, 0.8134262004, 0.06547697150000001,237.4879
2015-05-26, 0.8081360947, 0.0653871703,237.3271
2015-05-27, 0.8028231468, 0.0652236566,237.1847
2015-05-28, 0.8015300868, 0.0652146589,237.4716
2015-05-29, 0.8036630037, 0.0651297549,237.1049
2015-06-01, 0.8004095663, 0.0648444953,223.3086
2015-06-02, 0.8001305862, 0.0647332958,225.7461
2015-06-03, 0.8035508083, 0.0646100995,225.6452
2015-06-04, 0.8032507630000001, 0.0643698951,224.37099999999998
2015-06-05, 0.7999714754, 0.0643045898,225.0357
2015-06-08, 0.8042366165, 0.0637835861,228.6452
2015-06-09, 0.8099215206, 0.0641158634,229.3327
2015-06-10, 0.8172596189, 0.0647143537,228.9521
2015-06-11, 0.8116193367000001, 0.0644953833,230.0189
2015-06-12, 0.8128078818000001, 0.0648086643,230.2041
2015-06-15, 0.8102564103000001, 0.0647417659,237.3096
2015-06-16, 0.8101567579000001, 0.06472071700000001,250.8977
2015-06-17, 0.8121984590000001, 0.0648803806,249.1681
2015-06-18, 0.8223840773000001, 0.06581331730000001,248.8732
2015-06-19, 0.814929679, 0.0652570663,243.547
2015-06-22, 0.8174220045, 0.0652506499,246.77
2015-06-23, 0.8104159132000001, 0.0650321562,243.9862
2015-06-24, 0.8129485971, 0.0650066671,240.2155
2015-06-25, 0.8074650526, 0.0645659401,242.422
2015-06-26, 0.8087502707, 0.06429838310000001,242.6424
2015-06-29, 0.8081445993, 0.0639978386,256.4875
2015-06-30, 0.8085121757, 0.06381607460000001,262.4843
2015-07-01, 0.7984462667000001, 0.0636132316,257.6604
2015-07-02, 0.7925230968, 0.0632032258,254.3505
2015-07-03, 0.7947854738, 0.0636822773,255.5961
2015-07-06, 0.7911456087000001, 0.0630697216,268.4935
2015-07-07, 0.7849910233, 0.0631710954,264.9566
2015-07-08, 0.784738041, 0.06319108080000001,269.6459
2015-07-09, 0.7883326202000001, 0.0634517912,268.1134
2015-07-10, 0.7870109766000001, 0.0636618211,283.881
2015-07-13, 0.7861259338000001, 0.0634719119,290.8811
2015-07-14, 0.7836743393000001, 0.0637350066,286.1856
2015-07-15, 0.7846756949, 0.0638773166,283.8231
2015-07-16, 0.7723525231, 0.0631872125,277.8273
2015-07-17, 0.7705208038, 0.0632562841,278.4883
2015-07-20, 0.7701369669, 0.06286349840000001,278.4139
2015-07-21, 0.7697265902, 0.0625899944,275.0995
2015-07-22, 0.7695348345, 0.0622356185,276.6174
2015-07-23, 0.7707238456000001, 0.0621988735,275.6266
2015-07-24, 0.763896648, 0.0614288281,287.9738
2015-07-27, 0.7674370185, 0.061244496100000004,292.7306
2015-07-28, 0.7683997770000001, 0.061612486800000005,293.7851
2015-07-29, 0.7719224578, 0.061381785800000005,288.7681
2015-07-30, 0.7703938115000001, 0.061044584000000006,287.2898
2015-07-31, 0.7663871419, 0.0617953153,283.9417
2015-08-03, 0.7602749236, 0.0619060809,280.4796
2015-08-04, 0.7615907829, 0.0620711502,284.5033
2015-08-05, 0.7592437561000001, 0.0613835698,281.3783
2015-08-06, 0.759436266, 0.061033390300000004,278.2516
2015-08-07, 0.7644099769, 0.06140419800000001,279.0303
2015-08-10, 0.7615341857, 0.0617037208,263.7615
2015-08-11, 0.7648401826, 0.0614702824,270.9167
2015-08-12, 0.7710651828, 0.061665607100000006,265.6418
2015-08-13, 0.7685230024, 0.0613817949,263.3371
2015-08-14, 0.7666598037, 0.0609571101,264.8686
2015-08-17, 0.7612646595, 0.060688901,256.98400000000004
2015-08-18, 0.7630743756, 0.0608160123,219.0045
2015-08-19, 0.7650890444, 0.0609051092,225.3944
2015-08-20, 0.7618366374000001, 0.059737290500000005,234.6873
2015-08-21, 0.7628998445, 0.0593824353,231.9406
2015-08-24, 0.7545943817, 0.0583974603,209.1322
2015-08-25, 0.7579210856, 0.0589015219,221.7118
2015-08-26, 0.7538512397, 0.0587786496,225.3798
2015-08-27, 0.756097561, 0.058898139200000005,224.261
2015-08-28, 0.7535107664, 0.059067748600000004,230.9825
2015-08-31, 0.7545582991, 0.0592978375,230.0173
2015-09-01, 0.7563274098, 0.059294440500000004,227.3469
2015-09-02, 0.7544071318000001, 0.0591751753,228.8551
2015-09-03, 0.7539783791, 0.0591594708,226.765
2015-09-04, 0.7558360478, 0.0592995645,230.0851
2015-09-07, 0.7530063505, 0.0590088254,240.0202
2015-09-08, 0.7563867995, 0.059335413600000005,243.5473
2015-09-09, 0.7548282171, 0.0596003103,238.2916
2015-09-10, 0.7546215086, 0.059128899400000004,238.5896
2015-09-11, 0.7539645366000001, 0.0597068704,240.0838
2015-09-14, 0.7545217914, 0.059580590600000004,230.2406
2015-09-15, 0.7554725040000001, 0.0597497057,229.9241
2015-09-16, 0.7547220542, 0.060081657100000005,228.7976
2015-09-17, 0.7579229481, 0.0603319537,232.7924
2015-09-18, 0.7676122614, 0.0607532574,232.7167
2015-09-21, 0.7585462882, 0.060249997300000004,226.6056
2015-09-22, 0.7535125642, 0.0595734,230.5237
2015-09-23, 0.7538877620000001, 0.05931198100000001,229.9556
2015-09-24, 0.7474566128, 0.057925682400000005,234.2833
2015-09-25, 0.7511620074, 0.0597194775,234.8379
2015-09-28, 0.7486093425, 0.0585564805,239.3428
2015-09-29, 0.7469333333, 0.0589188052,236.6214
2015-09-30, 0.7451775974, 0.059035243,236.2455
2015-10-01, 0.7536320022, 0.059310271500000004,237.5698
2015-10-02, 0.7553299492000001, 0.0593279357,237.4021
2015-10-05, 0.7625381744, 0.060038365600000004,240.5872
2015-10-06, 0.7634854772, 0.0594973681,246.4218
2015-10-07, 0.7690627347000001, 0.060349907300000005,243.2664
2015-10-08, 0.7664646189000001, 0.0602046766,242.6905
2015-10-09, 0.7730303443000001, 0.060997149300000005,244.3213
2015-10-12, 0.7735682220000001, 0.0608826458,245.5856
2015-10-13, 0.7664420485, 0.0602554526,249.9352
2015-10-14, 0.7701133909000001, 0.060393697,252.5949
2015-10-15, 0.775210084, 0.0609829563,254.8133
2015-10-16, 0.7735784814000001, 0.060701595000000004,262.9353
2015-10-19, 0.7724763138, 0.0608124061,264.4158
2015-10-20, 0.7690695158, 0.0605878185,270.2188
2015-10-21, 0.7690327824000001, 0.0600600918,267.3272
2015-10-22, 0.7619721156, 0.060277169500000005,274.4108
2015-10-23, 0.7653110543, 0.0608920655,277.4554
2015-10-26, 0.7603231598, 0.0605362552,286.1325
2015-10-27, 0.7564628642, 0.0602772722,294.3998
2015-10-28, 0.7570170047, 0.0605545783,303.8866
2015-10-29, 0.7584484075, 0.0600744197,313.5861
2015-10-30, 0.7590079228000001, 0.0603681156,326.0045
2015-11-02, 0.7634602076, 0.060578438400000004,359.3523
2015-11-03, 0.7619047619, 0.0606613279,400.7063
2015-11-04, 0.7651133501, 0.061022226900000004,408.7414
2015-11-05, 0.7599860335, 0.0604705176,387.51
2015-11-06, 0.7574954679, 0.0600473127,374.95
2015-11-09, 0.7543577179000001, 0.0592925175,380.043
2015-11-10, 0.7540833568, 0.0595753912,337.93199999999996
2015-11-11, 0.7539576444, 0.059862243100000004,312.578
2015-11-12, 0.7504372770000001, 0.059587564700000005,336.856
2015-11-13, 0.7515710096, 0.0595947293,337.292
2015-11-16, 0.750227384, 0.059752808500000004,331.59
2015-11-17, 0.7514084507000001, 0.0596489267,335.77
2015-11-18, 0.7499121142, 0.059684287700000005,334.973
2015-11-19, 0.7524466662, 0.0599699224,326.315
2015-11-20, 0.7511420339, 0.0602881285,321.988
2015-11-23, 0.7475038672000001, 0.060293784,323.257
2015-11-24, 0.7485417106000001, 0.0604686019,320.161
2015-11-25, 0.7503544088, 0.060420995000000005,328.983
2015-11-26, 0.7516113039000001, 0.0604596575,353.30400000000003
2015-11-27, 0.7492387225, 0.0604229607,358.185
2015-11-30, 0.7480025454, 0.060255512100000005,376.907
2015-12-01, 0.750814563, 0.060543751400000005,362.72900000000004
2015-12-02, 0.7471134892, 0.0605179267,359.43
2015-12-03, 0.7507915289, 0.06040485,361.30800000000005
2015-12-04, 0.7497936726000001, 0.0597373136,363.4825
2015-12-07, 0.7428865979, 0.0596427724,395.865
2015-12-08, 0.735145001, 0.0586269172,418.13599999999997
2015-12-09, 0.7369165488, 0.0589134848,418.036
2015-12-10, 0.7385435648, 0.0586030172,415.25199999999995
2015-12-11, 0.7318540302000001, 0.0576355224,453.9
2015-12-14, 0.7270620945, 0.0574382629,443.839
2015-12-15, 0.7293118322000001, 0.0579491587,465.50199999999995
2015-12-16, 0.7264451827, 0.0583940436,455.375
2015-12-17, 0.7229743248, 0.0590310865,455.98699999999997
2015-12-18, 0.7165244991, 0.0587543174,463.844
2015-12-21, 0.7165930516, 0.0584198165,437.76099999999997
2015-12-22, 0.7185408739, 0.058440276400000005,435.5
2015-12-23, 0.7192936215, 0.0581529151,442.839
2015-12-24, 0.7210037542000001, 0.057887250200000004,454.848
2015-12-28, 0.7208522391000001, 0.0578937084,421.265
2015-12-29, 0.7185880192, 0.0581226881,432.61800000000005
2015-12-30, 0.7201898359000001, 0.057850233200000004,426.145
2015-12-31, 0.7202302196, 0.0575590156,430.05
2016-01-04, 0.7182968626, 0.057553880800000005,433.49300000000005
2016-01-05, 0.7175480769, 0.0578370058,432.25300000000004
2016-01-06, 0.7096518465, 0.057296778300000004,429.464
2016-01-07, 0.7075520833000001, 0.056552327000000006,458.28
2016-01-08, 0.7088962861, 0.0562073373,453.37
2016-01-11, 0.7099634846, 0.0560711085,448.385
2016-01-12, 0.7050097593, 0.056211483000000007,432.884
2016-01-13, 0.7032052532, 0.0561056962,432.04
2016-01-14, 0.6961717901000001, 0.055710406100000005,429.72900000000004
2016-01-15, 0.6886238879000001, 0.0551557541,358.76599999999996
2016-01-18, 0.6893670886000001, 0.0548154784,385.844
2016-01-19, 0.6900317460000001, 0.0551921671,377.745
2016-01-20, 0.6831819605, 0.0544188158,418.74199999999996
2016-01-21, 0.6916190476, 0.0538937265,409.945
2016-01-22, 0.7056672761, 0.053996802600000005,381.76099999999997
2016-01-25, 0.7045143639, 0.0540831125,390.663
2016-01-26, 0.7031990137, 0.0538460392,391.43
2016-01-27, 0.7101950297, 0.0544291142,394.629
2016-01-28, 0.7099693951, 0.0545242691,379.384
2016-01-29, 0.7107986721, 0.054585262,378.2
2016-02-01, 0.7135645447000001, 0.0547454618,371.24800000000005
2016-02-02, 0.7140334816, 0.0545227573,372.87699999999995
2016-02-03, 0.7176709991, 0.0543665278,368.93300000000005
2016-02-04, 0.7292724196, 0.0551745191,388.61199999999997
2016-02-05, 0.7272137107000001, 0.054914995,385.338
2016-02-08, 0.7167947311, 0.053590480100000004,371.101
2016-02-09, 0.7191960571, 0.0530195072,373.32099999999997
2016-02-10, 0.7215563105, 0.053438847000000005,379.96
2016-02-11, 0.7162605732, 0.052516846900000004,377.72
2016-02-12, 0.7182443623, 0.0519939867,383.126
2016-02-15, 0.7234372978, 0.053008392200000004,399.485
2016-02-16, 0.7236552171, 0.053055968700000004,407.361
2016-02-17, 0.7237278222, 0.0533703961,415.561
2016-02-18, 0.7307489451, 0.054841423,421.63699999999994
2016-02-19, 0.7264632709000001, 0.0546797617,420.334
2016-02-22, 0.7288471708, 0.055309756700000004,438.07199999999995
2016-02-23, 0.7278380524, 0.0552936565,419.981
2016-02-24, 0.7225768244, 0.054682170200000005,424.36199999999997
2016-02-25, 0.7339101498, 0.0551319677,423.517
2016-02-26, 0.7382118184, 0.0552418525,432.064
2016-02-29, 0.7373196993000001, 0.0549885104,436.608
2016-03-01, 0.7396421525, 0.0555056363,433.63699999999994
2016-03-02, 0.7438163755, 0.0558971032,421.598
2016-03-03, 0.744400437, 0.055867611000000005,419.466
2016-03-04, 0.7453964803, 0.056080117400000004,407.98199999999997
2016-03-07, 0.7475429975, 0.056090416500000004,412.98199999999997
2016-03-08, 0.7504593399, 0.0561401365,411.75800000000004
2016-03-09, 0.7462087725000001, 0.0561247193,412.61800000000005
2016-03-10, 0.752703827, 0.056597872,416.16
2016-03-11, 0.7545244251000001, 0.0563367403,419.88699999999994
2016-03-14, 0.7544954875000001, 0.0562565773,415.091
2016-03-15, 0.7489886731000001, 0.0559720669,415.38300000000004
2016-03-16, 0.7476686039, 0.0557394393,416.25300000000004
2016-03-17, 0.7694034419, 0.057073512900000005,418.452
2016-03-18, 0.7711082245, 0.0579352075,408.036
2016-03-21, 0.7665782493000001, 0.0575297577,411.423
2016-03-22, 0.7638122488, 0.0572976288,416.926
2016-03-23, 0.761174707, 0.057304223800000005,417.38599999999997
2016-03-24, 0.7525807975000001, 0.0565974548,414.341
2016-03-29, 0.7593786039, 0.0571679545,415.55300000000005
2016-03-30, 0.7674686547, 0.057988232300000005,412.69
2016-03-31, 0.7724928756, 0.0581154959,415.161
2016-04-01, 0.7675574057, 0.0574483909,417.009
2016-04-04, 0.7672599784, 0.057700010600000004,419.416
2016-04-05, 0.7594200962000001, 0.056845516400000004,422.653
2016-04-06, 0.760193133, 0.0562622528,421.7
2016-04-07, 0.7623775661000001, 0.0563190421,421.204
2016-04-08, 0.7646188009, 0.0562224157,418.089
2016-04-11, 0.7699067189000001, 0.0564073612,422.99
2016-04-12, 0.7766116942, 0.0569094323,425.99
2016-04-13, 0.7810037329, 0.0569921004,424.401
2016-04-14, 0.7795482888, 0.0572169535,425.106
2016-04-15, 0.7763329893, 0.0570109182,429.98
2016-04-18, 0.7737476047, 0.0568017966,429.05400000000003
2016-04-19, 0.7867249272, 0.0578881024,436.105
2016-04-20, 0.7890576243, 0.0577438344,442.156
2016-04-21, 0.7915098285000001, 0.05786518,451.102
2016-04-22, 0.7853158555, 0.0572240033,447.63599999999997
2016-04-25, 0.7884642307, 0.056878547300000006,462.51
2016-04-26, 0.7906276268, 0.0570370258,467.80300000000005
2016-04-27, 0.7946987274, 0.0574988045,445.01199999999994
2016-04-28, 0.7963819941, 0.0577389395,449.856
2016-04-29, 0.7981940361000001, 0.0583064887,456.35
2016-05-02, 0.7987906589, 0.0583916759,444.51300000000003
2016-05-03, 0.794628752, 0.0574257917,450.274
2016-05-04, 0.7842535787, 0.056239093100000005,446.962
2016-05-05, 0.7800204569, 0.0565852935,448.527
2016-05-06, 0.7764490046, 0.0556912055,460.374
2016-05-09, 0.7729091772000001, 0.0557703602,461.491
2016-05-10, 0.7715002713, 0.0551568637,450.98699999999997
2016-05-11, 0.7768623179, 0.0555688144,452.11300000000006
2016-05-12, 0.7803892010000001, 0.055860469,454.81800000000004
2016-05-13, 0.7762500855000001, 0.0554017702,455.735
2016-05-16, 0.7738144048000001, 0.0549239485,453.41
2016-05-17, 0.7735629827, 0.054603787200000004,452.746
2016-05-18, 0.7705814033, 0.0542564808,453.37800000000004
2016-05-19, 0.7627903808000001, 0.054149599300000004,436.72900000000004
2016-05-20, 0.7629896627, 0.054318513000000006,442.95300000000003
2016-05-23, 0.7605968125, 0.0544361983,443.73400000000004
2016-05-24, 0.7605557069000001, 0.054252569800000004,445.13
2016-05-25, 0.7630065717000001, 0.0543648974,449.23400000000004
2016-05-26, 0.7732465554, 0.054441135,453.819
2016-05-27, 0.767032967, 0.054053269200000004,473.467
2016-05-30, 0.7669374828000001, 0.0541335187,532.586
2016-05-31, 0.7676531315, 0.054360698900000004,531.797
2016-06-01, 0.7660770602, 0.0541032581,536.424
2016-06-02, 0.7630609739, 0.053845672600000005,538.145
2016-06-03, 0.7642866932, 0.0534187727,570.471
2016-06-06, 0.7738833958, 0.053882236800000004,585.531
2016-06-07, 0.7823509135000001, 0.0538554994,577.856
2016-06-08, 0.7884961885, 0.0550140219,583.105
2016-06-09, 0.7844940867, 0.0548591161,576.4540000000001
2016-06-10, 0.7844552394000001, 0.054337533,579.131
2016-06-13, 0.7830437804, 0.0534859877,705.6189999999999
2016-06-14, 0.7768703717000001, 0.0526570094,685.9889999999999
2016-06-15, 0.7778085607, 0.0529734472,696.323
2016-06-16, 0.7690295939, 0.052746111500000005,768.242
2016-06-17, 0.7751222536, 0.052967228500000005,747.554
2016-06-20, 0.7804407713, 0.053733155000000005,727.949
2016-06-21, 0.7829215971, 0.0538666997,665.8760000000001
2016-06-22, 0.7835960831000001, 0.053716293400000004,602.887
2016-06-23, 0.7845284838000001, 0.0546746358,625.495
2016-06-24, 0.7688993885000001, 0.052995292400000005,665.1619999999999
2016-06-27, 0.7664111498, 0.0524603614,658.3989999999999
2016-06-28, 0.7669344785000001, 0.0527720455,646.304
2016-06-29, 0.7697646977, 0.053489348000000006,639.082
2016-06-30, 0.7718298109, 0.0538025753,672.485
2016-07-01, 0.7738012509000001, 0.055174566700000004,676.523
2016-07-04, 0.7773590173, 0.054533614700000003,681.63
2016-07-05, 0.773061451, 0.053568768100000004,668.092
2016-07-06, 0.7676676607, 0.052955641500000004,676.113
2016-07-07, 0.7733109994, 0.0534558121,639.761
2016-07-08, 0.7684298209, 0.053232414500000005,664.743
2016-07-11, 0.7653252061, 0.054220237500000004,649.0269999999999
2016-07-12, 0.7675062275000001, 0.054676216400000005,664.8389999999999
2016-07-13, 0.766122336, 0.0545956607,653.934
2016-07-14, 0.7736097629, 0.0548196264,659.6360000000001
2016-07-15, 0.7772578054, 0.054437742500000004,664.8760000000001
2016-07-18, 0.7721271394, 0.054089102900000005,673.5939999999999
2016-07-19, 0.7682400446000001, 0.0541712075,673.8430000000001
2016-07-20, 0.7657488527, 0.0540693136,666.18
2016-07-21, 0.7662075682, 0.053619759700000005,665.0989999999999
2016-07-22, 0.7629537268000001, 0.0537496401,650.822
2016-07-25, 0.7592118908000001, 0.0538177684,655.135
2016-07-26, 0.7556517557, 0.053193959400000004,651.077
2016-07-27, 0.75815686, 0.0531310123,655.442
2016-07-28, 0.7598492634, 0.0531344027,655.627
2016-07-29, 0.7589291812000001, 0.052846572300000005,656.669
2016-08-01, 0.7653390005, 0.053338174700000004,607.374
2016-08-02, 0.7662239869, 0.0530348259,552.821
2016-08-03, 0.7633587786, 0.0528808246,565.2638
2016-08-04, 0.7660979637, 0.0531059544,578.3213
2016-08-05, 0.7678436231, 0.0530525675,574.9563
2016-08-08, 0.7607905030000001, 0.0537048968,590.6225
2016-08-09, 0.7604860301, 0.0540350706,584.7588
2016-08-10, 0.7682901697000001, 0.054578195100000004,592.8925
2016-08-11, 0.7660553609, 0.0542653763,586.525
2016-08-12, 0.7706865589, 0.0547280031,586.0263
2016-08-15, 0.7739166551000001, 0.0551352738,567.2025
2016-08-16, 0.7802030807, 0.055699386000000004,576.2488
2016-08-17, 0.7761029665, 0.055091411900000005,571.745
2016-08-18, 0.7794684660000001, 0.0550793033,572.5025
2016-08-19, 0.7785797759, 0.0545718237,573.6638
2016-08-22, 0.7742774962000001, 0.0546444918,584.7325
2016-08-23, 0.7753162393, 0.054818030600000005,581.2813
2016-08-24, 0.7727865030000001, 0.0539280672,577.995
2016-08-25, 0.7734465986, 0.0541785637,575.7338
2016-08-26, 0.7761583941, 0.054489205900000004,578.1563
2016-08-29, 0.768436984, 0.0537942526,572.3613
2016-08-30, 0.7669276198, 0.0538107949,575.9988
2016-08-31, 0.763354591, 0.0531553213,572.3338
2016-09-01, 0.7616509498, 0.0531901694,571.6938
2016-09-02, 0.7643925425, 0.053263223000000005,574.1475
2016-09-05, 0.7727902466000001, 0.0540276143,606.0275
2016-09-06, 0.7746615758000001, 0.0539859314,611.07
2016-09-07, 0.7779700914000001, 0.0544895574,614.7875
2016-09-08, 0.7765708786000001, 0.0545318497,624.9488
2016-09-09, 0.7717808219000001, 0.05318380700000001,621.7963
2016-09-12, 0.7625322646, 0.052361295700000005,606.3075
2016-09-13, 0.7628187737000001, 0.052605238500000005,606.9213
2016-09-14, 0.7580241908, 0.0522243534,608.22
2016-09-15, 0.7588159935000001, 0.0519964147,605.21
2016-09-16, 0.7576432476, 0.051574667500000004,606.3338
2016-09-19, 0.7603514029, 0.0510173774,608.5275
2016-09-20, 0.7560843699, 0.050917368500000004,599.4738
2016-09-21, 0.760936327, 0.0506668484,595.7988
2016-09-22, 0.7685153525, 0.0509636751,595.035
2016-09-23, 0.7667692308, 0.0509528094,601.7138
2016-09-26, 0.7596627319, 0.0503669516,606.8125
2016-09-27, 0.7543871445, 0.051174458400000004,604.7625
2016-09-28, 0.7569627082, 0.0514490528,603.5188
2016-09-29, 0.7642171218, 0.0514831043,605.0588
2016-09-30, 0.75976855, 0.0513411442,608.4375
2016-10-03, 0.7642497619, 0.0519824196,612.3375
2016-10-04, 0.7594066816, 0.051711756000000005,609.375
2016-10-05, 0.7566819654, 0.0518717988,610.885
2016-10-06, 0.7573295416, 0.0518544274,610.9
2016-10-07, 0.753517316, 0.051669279500000005,616.4888
2016-10-10, 0.7545638945, 0.052793914500000004,617.4225
2016-10-11, 0.7560909029, 0.052987259,639.3738
2016-10-12, 0.7548979312, 0.0528374983,635.0813
2016-10-13, 0.7549931601000001, 0.0526793044,635.02
2016-10-14, 0.7595443562, 0.052780549600000004,638.3675
2016-10-17, 0.7617265988, 0.0528052488,636.92
2016-10-18, 0.7643582256, 0.053438528400000004,635.5088
2016-10-19, 0.7645010793, 0.0535953136,628.1538
2016-10-20, 0.7593360996, 0.0538737059,628.6225
2016-10-21, 0.7559197278, 0.0536058107,630.1538
2016-10-24, 0.7486767031, 0.053845735500000005,648.3988
2016-10-25, 0.7509324492, 0.0540830946,652.895
2016-10-26, 0.7481851801, 0.053693947000000006,674.3575
2016-10-27, 0.7481684355, 0.0534037759,686.52
2016-10-28, 0.7469055597, 0.0531290283,688.0963
2016-10-31, 0.7464030003000001, 0.052840936500000005,697.3688
2016-11-01, 0.7484725051000001, 0.0529589778,729.2713
2016-11-02, 0.7476415094000001, 0.051616655000000004,742.465
2016-11-03, 0.7468610774000001, 0.05183998200000001,687.5075
2016-11-04, 0.7444466814, 0.0522552229,702.5375
2016-11-07, 0.7467764801, 0.0535978177,704.0188
2016-11-08, 0.7480346978, 0.053872809800000004,709.1525
2016-11-09, 0.7448303825, 0.0504388574,721.1913
2016-11-10, 0.7417114848, 0.0494398032,713.6675
2016-11-11, 0.7412140575, 0.0480221261,716.5563
2016-11-14, 0.7386566141, 0.0478926692,706.395
2016-11-15, 0.7393543956, 0.048858973900000005,711.9563
2016-11-16, 0.7419064125, 0.048851742100000005,742.07
2016-11-17, 0.7448050594000001, 0.0492726571,735.4063
2016-11-18, 0.7399234250000001, 0.048988791000000004,749.6775
2016-11-21, 0.7430109030000001, 0.0488195774,736.7163
2016-11-22, 0.7460997892, 0.0491880748,748.225
2016-11-23, 0.7434782609, 0.048557296,741.5963
2016-11-24, 0.7411467116, 0.048197395500000004,736.3988
2016-11-25, 0.7412176347, 0.048425663,738.2775
2016-11-28, 0.7434349108, 0.0486647975,731.7463
2016-11-29, 0.7431141091, 0.0483461025,731.765
2016-11-30, 0.7472071945000001, 0.0486115872,742.0075
2016-12-01, 0.7462780899, 0.0484494534,753.255
2016-12-02, 0.7517129335, 0.048119444000000004,771.4075
2016-12-05, 0.7515449438, 0.0484575713,750.7088
2016-12-06, 0.75368628, 0.049078688700000005,758.81
2016-12-07, 0.7534054206, 0.0491989693,763.8975
2016-12-08, 0.7567149487, 0.049160633100000004,766.7513
2016-12-09, 0.7588759523, 0.048923896700000004,770.415
2016-12-12, 0.7613162811, 0.0494050505,777.9113
2016-12-13, 0.7621578910000001, 0.0493975455,775.25
2016-12-14, 0.7624095695, 0.0493540938,776.6363
2016-12-15, 0.7494605093000001, 0.048415427500000004,775.48
2016-12-16, 0.7477793696, 0.0491182338,780.85
2016-12-19, 0.7472574747, 0.048956929,790.1563
2016-12-20, 0.745826137, 0.0490835899,798.785
2016-12-21, 0.7479902383, 0.0489138598,833.1025
2016-12-22, 0.7424996445000001, 0.0483323846,858.7363
2016-12-23, 0.7399589148, 0.0483275503,916.7875
2016-12-27, 0.738893605, 0.0485037893,931.1138
2016-12-28, 0.7366669028, 0.0482197497,978.0088
2016-12-29, 0.7385191465000001, 0.048319920100000004,969.625
2016-12-30, 0.7429517902, 0.048415618300000005,960.4713
2017-01-02, 0.7437810945000001, 0.0482118095,1018.05
2017-01-03, 0.7438046125000001, 0.048316933000000006,1030.8175
2017-01-04, 0.751187563, 0.0472885111,1129.87
2017-01-05, 0.7518974653, 0.0469956947,1005.815
2017-01-06, 0.7542560011, 0.0470016423,895.67
2017-01-09, 0.7536190340000001, 0.0469590069,899.35
2017-01-10, 0.755217267, 0.0466746467,904.7925
2017-01-11, 0.7545800704000001, 0.0457378013,775.9813
2017-01-12, 0.7658491107000001, 0.046289553500000004,802.8288
2017-01-13, 0.7609564597, 0.0461795027,826.1213
2017-01-16, 0.7606806922, 0.0463064953,830.2638
2017-01-17, 0.7657134666000001, 0.0463413576,904.4538
2017-01-18, 0.7624767625000001, 0.046097650600000005,884.2513
2017-01-19, 0.7529112852000001, 0.045503986100000005,898.0213
2017-01-20, 0.7478370964000001, 0.0454942234,891.6238
2017-01-23, 0.7510864994, 0.0467014767,912.6875
2017-01-24, 0.7533468844, 0.0469640298,885.6475
2017-01-25, 0.7635394456, 0.0465722188,894.11
2017-01-26, 0.7616742597, 0.0476063356,915.1
2017-01-27, 0.7622751927, 0.0473759381,918.5625
2017-01-30, 0.7602088250000001, 0.048132216400000004,920.2413
2017-01-31, 0.7651536710000001, 0.0482600794,967.6675
2017-02-01, 0.7654110804, 0.0482979342,987.3463
2017-02-02, 0.769252669, 0.0485484429,1007.795
2017-02-03, 0.7659559295, 0.0487879104,1018.1113
2017-02-06, 0.7658540073, 0.0490887511,1024.6125
2017-02-07, 0.7585986356000001, 0.0484491726,1052.5388
2017-02-08, 0.7606990014, 0.0486759591,1054.3438
2017-02-09, 0.7628424658, 0.0489159526,988.9475
2017-02-10, 0.7611170784, 0.0493181576,993.0788
2017-02-13, 0.7637421858, 0.049148945000000006,996.8575
2017-02-14, 0.7674469007, 0.0494136691,1009.2513
2017-02-15, 0.7643565790000001, 0.0491439959,1009.1163
2017-02-16, 0.7682654165, 0.0493205232,1034.0825
2017-02-17, 0.7645918587, 0.0488420087,1053.1225
2017-02-20, 0.7627532691000001, 0.0488601897,1083.2413
2017-02-21, 0.7613439306, 0.0489462414,1123.6563
2017-02-22, 0.7593903496000001, 0.049922834000000006,1122.195
2017-02-23, 0.7624026536, 0.050311682100000005,1178.384
2017-02-24, 0.7628532394, 0.0507780155,1180.9180000000001
2017-02-27, 0.7622579019, 0.0505252006,1194.278
2017-02-28, 0.7577946224000001, 0.0502703985,1190.888
2017-03-01, 0.75, 0.049895784000000006,1230.016
2017-03-02, 0.7473167958, 0.0501873553,1260.924
2017-03-03, 0.7460631311, 0.0508825583,1290.786
2017-03-06, 0.7468095607, 0.0512039602,1280.868
2017-03-07, 0.745261081, 0.051308920800000005,1232.431
2017-03-08, 0.7437469175, 0.0509631632,1150.481
2017-03-09, 0.7392797085, 0.0505388705,1191.815
2017-03-10, 0.7405390309000001, 0.0505815978,1117.025
2017-03-13, 0.7430662021000001, 0.0509221674,1243.242
2017-03-14, 0.7414562701, 0.0509958363,1246.309
2017-03-15, 0.7432649920000001, 0.0510648527,1259.601
2017-03-16, 0.7512782798000001, 0.0523807198,1172.9089999999999
2017-03-17, 0.7510492445, 0.0521948374,1070.128
2017-03-20, 0.7487986629000001, 0.0523176037,1041.343
2017-03-21, 0.7528050735, 0.0526726416,1115.039
2017-03-22, 0.7474754461, 0.052232962800000005,1037.44
2017-03-23, 0.7497045944, 0.0523688836,1029.95
2017-03-24, 0.7478543743, 0.0528925701,935.946
2017-03-27, 0.7491056687000001, 0.053138328500000005,1040.491
2017-03-28, 0.7465282552, 0.0529896012,1044.251
2017-03-29, 0.7474269819, 0.0528100156,1040.392
2017-03-30, 0.7497905028, 0.0533573857,1037.527
2017-03-31, 0.7494567122, 0.0534082678,1079.748
2017-04-03, 0.7492445007, 0.0533599608,1147.631
2017-04-04, 0.7437849162, 0.052907924,1143.746
2017-04-05, 0.7471835421, 0.0533427916,1134.998
2017-04-06, 0.7447283899, 0.0532254121,1190.597
2017-04-07, 0.745650954, 0.0532901531,1193.019
2017-04-10, 0.7472977746, 0.053536181700000005,1213.339
2017-04-11, 0.7508310347, 0.0534988964,1224.767
2017-04-12, 0.7513816069, 0.053188821600000005,1216.505
2017-04-13, 0.7555618736, 0.0537789448,1178.5330000000001
2017-04-18, 0.7484060814, 0.053875484200000004,1217.596
2017-04-19, 0.7440166493, 0.053574104600000005,1226.9389999999999
2017-04-20, 0.7413412447000001, 0.0531983365,1255.403
2017-04-21, 0.7422465829, 0.053102616400000004,1257.135
2017-04-24, 0.7445435827, 0.0537983158,1248.325
2017-04-25, 0.7363759297, 0.0530737555,1263.545
2017-04-26, 0.7364115738, 0.0528117288,1284.845
2017-04-27, 0.7360481634, 0.0526631658,1329.19
2017-04-28, 0.7328684458, 0.0526746988,1320.0513
2017-05-02, 0.7311763130000001, 0.053356341200000004,1443.6825
2017-05-03, 0.728418946, 0.0531687483,1491.9988
2017-05-04, 0.7279813458000001, 0.0526891883,1515.6288
2017-05-05, 0.7261825891, 0.0524766127,1512.2088
2017-05-08, 0.7298812225, 0.052504752200000004,1639.3225
2017-05-09, 0.729709805, 0.0521540864,1706.9313
2017-05-10, 0.7300905736000001, 0.0524246775,1756.8025
2017-05-11, 0.7285656783000001, 0.052705654000000005,1807.3725
2017-05-12, 0.7279298574, 0.0529191664,1676.9938
2017-05-15, 0.7348469627, 0.0535167301,1697.3788
2017-05-16, 0.7344268827, 0.053454559500000005,1718.2013
2017-05-17, 0.7344741015, 0.053566352000000005,1802.1638
2017-05-18, 0.732990845, 0.0523102233,1887.3263
2017-05-19, 0.7369635441, 0.0533914738,1968.1025
2017-05-22, 0.7409384473, 0.053629776600000005,2139.0275
2017-05-23, 0.7425185381, 0.053723778800000004,2291.4775
2017-05-24, 0.7408167317000001, 0.053828027300000005,2476.2963
2017-05-25, 0.7444732125, 0.054351408500000004,2357.5038
2017-05-26, 0.742588048, 0.0541290569,2247.4825
2017-05-29, 0.7432405501, 0.0540266463,2289.87
2017-05-30, 0.7424906964, 0.053884736,2197.2338
2017-05-31, 0.7427190892000001, 0.053291476500000004,2330.2338
2017-06-01, 0.7402837347, 0.053628363400000004,2452.1813
2017-06-02, 0.7394686532, 0.0536744791,2517.4088
2017-06-05, 0.7413338606000001, 0.0543645309,2736.595
2017-06-06, 0.7421226104, 0.0544035567,2914.0825
2017-06-07, 0.7435863441, 0.0548809128,2694.2188
2017-06-08, 0.7399670511, 0.0548558867,2825.0313
2017-06-09, 0.7402304941000001, 0.0549119031,2826.7
2017-06-12, 0.7441968431, 0.0550691493,2682.595
2017-06-13, 0.7532232071, 0.055205031800000005,2738.9313
2017-06-14, 0.7571640984, 0.0554389889,2494.485
2017-06-15, 0.753136382, 0.055325157900000005,2456.9238
2017-06-16, 0.7562643912, 0.0555884652,2528.1025
2017-06-19, 0.7553112565, 0.0556615871,2641.665
2017-06-20, 0.7531731029000001, 0.055200942100000004,2778.8275
2017-06-21, 0.7530230359000001, 0.055029521500000005,2712.1575
2017-06-22, 0.7519692991, 0.0550620181,2740.79
2017-06-23, 0.7558005817, 0.0554161294,2738.225
2017-06-26, 0.7552660005, 0.0558200108,2485.3588
2017-06-27, 0.7571668345, 0.0560291721,2593.17
2017-06-28, 0.7640381515, 0.055665935900000005,2584.5638
2017-06-29, 0.7676733706000001, 0.0557547631,2561.5613
2017-06-30, 0.771863375, 0.055441388700000004,2499.9838
2017-07-03, 0.7705184683, 0.0548546008,2581.0663
2017-07-04, 0.7707399864000001, 0.0549088078,2625.0713
2017-07-05, 0.7716251192, 0.054715459300000005,2629.2725
2017-07-06, 0.7730173819, 0.0544086022,2619.1125
2017-07-07, 0.7707686073000001, 0.055000771100000005,2521.2363
2017-07-10, 0.7744677957, 0.0555786042,2371.96
2017-07-11, 0.7749014812, 0.0555095882,2332.1875
2017-07-12, 0.7731631551, 0.0559500364,2423.16
2017-07-13, 0.7839192530000001, 0.0561827057,2364.5163
2017-07-14, 0.7859405123000001, 0.0566802223,2232.655
2017-07-17, 0.7903737416000001, 0.0569681909,2244.265
2017-07-18, 0.7942672532, 0.0571215297,2327.8975
2017-07-19, 0.7931911967, 0.0571648079,2294.405
2017-07-20, 0.7927797336, 0.056846586000000005,2877.3863
2017-07-21, 0.7939170758, 0.0571355657,2694.2913
2017-07-24, 0.7986834888000001, 0.0565486305,2779.0438
2017-07-25, 0.8005202629, 0.0564352279,2591.2163
2017-07-26, 0.7988474204, 0.056348115600000005,2550.18
2017-07-27, 0.8007943573, 0.0567267859,2697.4725
2017-07-28, 0.7972403480000001, 0.0563653052,2805.1788
2017-07-31, 0.8018461538, 0.0562122519,2873.8325
2017-08-01, 0.8015199837, 0.056241459300000005,2735.5875
2017-08-02, 0.7970487164000001, 0.05583035200000001,2723.58
2017-08-03, 0.7932579761, 0.0560928891,2814.3613
2017-08-04, 0.7954423592000001, 0.0561548944,2883.6813
2017-08-07, 0.7886222341, 0.055768285300000005,3431.9688
2017-08-08, 0.7897586737000001, 0.055849177900000005,3453.1625
2017-08-09, 0.7886386555, 0.055689532400000005,3377.5438
2017-08-10, 0.7861690009000001, 0.0557215254,3445.28
2017-08-11, 0.7866408131, 0.0555710379,3679.6075
2017-08-14, 0.7877796327000001, 0.0563169829,4382.7413
2017-08-15, 0.785026738, 0.056073070700000005,4204.43
2017-08-16, 0.7854843037, 0.0562510208,4425.2963
2017-08-17, 0.7921040157, 0.0564532476,4316.34
2017-08-18, 0.790093546, 0.0559159451,4159.4575
2017-08-21, 0.7938575768, 0.056456142200000003,4054.9425
2017-08-22, 0.7950155342, 0.0566166603,4137.6725
2017-08-23, 0.7946524784000001, 0.056161645,4191.2175
2017-08-24, 0.7985660173, 0.056623229600000005,4362.475
2017-08-25, 0.7995124924, 0.0566480367,4408.3238
2017-08-28, 0.8021660164000001, 0.056628233900000005,4439.6588
2017-08-29, 0.8012236483, 0.0559840895,4648.1338
2017-08-30, 0.7964708241, 0.055978089800000005,4630.7275
2017-08-31, 0.7899131597, 0.0560843851,4764.8675
2017-09-01, 0.8037761295, 0.0560656231,4950.7238
2017-09-04, 0.8058074997, 0.0559977046,4319.7213
2017-09-05, 0.8070866142, 0.0560360063,4422.1213
2017-09-06, 0.8068573747000001, 0.0560309201,4626.72
2017-09-07, 0.8206622335, 0.0563850632,4638.0975
2017-09-08, 0.8273307265000001, 0.0565183567,4317.5375
2017-09-11, 0.8250464205, 0.056551477100000004,4188.845
2017-09-12, 0.8242729847, 0.0564750091,4148.2675
2017-09-13, 0.8237518911, 0.0562854163,3874.2588
2017-09-14, 0.8195986484000001, 0.0562664811,3226.4125
2017-09-15, 0.8238980716000001, 0.0565998458,3686.9
2017-09-18, 0.8194225362, 0.0565532257,4067.0775
2017-09-19, 0.8136468669, 0.0563401492,3896.9988
2017-09-20, 0.8167471601, 0.056332015000000006,3858.0888
2017-09-21, 0.8092033714, 0.0560895171,3612.6813
2017-09-22, 0.8150596252000001, 0.0561799864,3603.3088
2017-09-25, 0.8111414901, 0.056166374000000005,3927.4988
2017-09-26, 0.8070523793000001, 0.05564499,3895.5125
2017-09-27, 0.8067198021, 0.055268670400000004,4208.5613
2017-09-28, 0.8020975211, 0.0550487016,4185.2925
2017-09-29, 0.8038401307, 0.0550103907,4164.1038
2017-10-02, 0.7992921799, 0.0545907553,4404.0975
2017-10-03, 0.7999591614, 0.054744559500000005,4320.09
2017-10-04, 0.8030385611, 0.055112919100000005,4225.9238
2017-10-05, 0.8012282497000001, 0.054841738,4322.755
2017-10-06, 0.7952584743000001, 0.0540614177,4370.245
2017-10-09, 0.7973660987000001, 0.053673917,4772.975
2017-10-10, 0.8000678196000001, 0.053845451600000004,4754.6988
2017-10-11, 0.7994323557, 0.0532482322,4830.7663
2017-10-12, 0.8018938113, 0.053380158000000004,5439.1338
2017-10-13, 0.8000812953, 0.052751238400000004,5640.1275
2017-10-16, 0.7975, 0.0524738698,5754.2213
2017-10-17, 0.7977070755000001, 0.052417377700000004,5595.235
2017-10-18, 0.7981657609, 0.0530881881,5572.1988
2017-10-19, 0.8026860205, 0.0531337413,5699.5838
2017-10-20, 0.8004063664000001, 0.0529295318,5984.0863
2017-10-23, 0.7913717560000001, 0.0526641606,5895.2988
2017-10-24, 0.7906554622, 0.0523080755,5518.85
2017-10-25, 0.7876094366, 0.0521395579,5733.9038
2017-10-26, 0.7813975135, 0.052542873000000004,5888.145
2017-10-27, 0.7756834436000001, 0.0519206851,5767.68
2017-10-30, 0.7783885239, 0.0523619704,6121.8
2017-10-31, 0.775659824, 0.0521972354,6447.6675
2017-11-01, 0.7748565328, 0.0521266806,6750.1725
2017-11-02, 0.7784090909, 0.052379924300000005,7030.0025
2017-11-03, 0.7860418071, 0.0526465541,7161.4513
2017-11-06, 0.7837965781, 0.052348926600000005,6958.2113
2017-11-07, 0.7832802656000001, 0.052385008500000003,7118.8013
2017-11-08, 0.7856029282, 0.0524398796,7458.795
2017-11-09, 0.786927397, 0.0522894036,7146.7813
2017-11-10, 0.7892455641, 0.052438333000000004,6570.3125
2017-11-13, 0.7870889324, 0.0521563258,6517.6763
2017-11-14, 0.7865130918000001, 0.0523708453,6598.7688
2017-11-15, 0.7839502086, 0.0521845676,7279.0013
2017-11-16, 0.7834276206, 0.0522405613,7843.9375
2017-11-17, 0.7835647379, 0.0525148818,7689.9088
2017-11-20, 0.7819593787, 0.0527140038,8238.2025
2017-11-21, 0.7808876449000001, 0.0527776026,8095.5938
2017-11-22, 0.7848887701, 0.0531665045,8230.6925
2017-11-23, 0.7886048988000001, 0.0536285741,8002.6413
2017-11-24, 0.7869210892, 0.0537187466,8201.4613
2017-11-27, 0.7885985748000001, 0.054014968000000003,9739.055
2017-11-28, 0.7816938453000001, 0.0539456369,9908.2288
2017-11-29, 0.7793226147000001, 0.0539836137,9816.3475
2017-11-30, 0.7761184254, 0.0538505238,9916.5363
2017-12-01, 0.7767466179, 0.0535500266,10859.5625
2017-12-04, 0.7892111215000001, 0.053683896200000004,11616.855
2017-12-05, 0.7915942804, 0.0536548913,11696.0583
2017-12-06, 0.7897480452000001, 0.0532225375,13708.9913
2017-12-07, 0.7789306721, 0.052810101400000004,16858.02
2017-12-08, 0.7790605096000001, 0.052843095300000004,16057.145
2017-12-11, 0.7776898734000001, 0.0528869002,16699.6775
2017-12-12, 0.7793085177, 0.0523943963,17178.1025
2017-12-13, 0.7776305327, 0.0520618923,16407.2025
2017-12-14, 0.7794814425000001, 0.0523565995,16531.0838
2017-12-15, 0.7834107498, 0.0521740668,17601.9438
2017-12-18, 0.7767533750000001, 0.0524880072,18960.5225
2017-12-19, 0.7774709016, 0.052517490300000004,17608.35
2017-12-20, 0.7782011694000001, 0.0519583631,16454.7225
2017-12-21, 0.7810194942, 0.0517851217,15561.05
2017-12-22, 0.7872086073, 0.051255108,13857.145
2017-12-27, 0.7915224913000001, 0.0505694645,15378.285
2017-12-28, 0.7930095023, 0.0508539579,14428.76
2017-12-29, 0.7974599375, 0.050686355700000005,14427.87
2018-01-02, 0.7975277631000001, 0.0512240271,14740.7563
2018-01-03, 0.7990297069000001, 0.051416597200000004,15134.6513
2018-01-04, 0.7982665079, 0.051733157200000005,15155.2263
2018-01-05, 0.7993761614, 0.051636108,16937.1738
2018-01-08, 0.8046370968000001, 0.051871813,14970.3575
2018-01-09, 0.8048023742, 0.052034137,14439.4738
2018-01-10, 0.8031612082, 0.0518460873,14890.7225
2018-01-11, 0.7961969125, 0.0515640421,13287.26
2018-01-12, 0.7988021587, 0.0523245788,13812.715
2018-01-15, 0.8043634934, 0.0531023595,13585.9013
2018-01-16, 0.8049229959, 0.0532693346,11348.02
2018-01-17, 0.8036219954, 0.0531985387,11141.2488
2018-01-18, 0.8034014052, 0.0536213591,11250.6475
2018-01-19, 0.8038173947, 0.0537130134,11514.925
2018-01-22, 0.8015062213, 0.0536652314,10772.15
2018-01-23, 0.8011642357000001, 0.053112886000000005,10839.8263
2018-01-24, 0.8110841158000001, 0.0539282674,11399.52
2018-01-25, 0.8114984629, 0.0542240287,11137.2375
2018-01-26, 0.8114845024, 0.053912515700000004,11090.0638
2018-01-29, 0.810727618, 0.0537478942,11158.3938
2018-01-30, 0.8116178777, 0.0537033754,10034.9975
2018-01-31, 0.8147155003000001, 0.053633396800000004,10166.5063
2018-02-01, 0.8117670055, 0.053862781500000005,9052.5763
2018-02-02, 0.8118541626, 0.0541811242,8827.63
2018-02-05, 0.8042410137, 0.0537957577,6914.26
2018-02-06, 0.7960356405, 0.053160572600000004,7700.3863
2018-02-07, 0.7988345743, 0.0535345471,7581.8038
2018-02-08, 0.7954811063, 0.053283928700000004,8237.2363
2018-02-09, 0.7930856220000001, 0.0531455147,8689.8388
2018-02-12, 0.7949050366, 0.0536993572,8891.2125
2018-02-13, 0.7934251158000001, 0.0536735458,8516.2438
2018-02-14, 0.7952086553000001, 0.053702833900000004,9477.84
2018-02-15, 0.8006280441, 0.0540214477,10016.4888
2018-02-16, 0.7996407262, 0.054044210100000004,10178.7125
2018-02-19, 0.7959209851, 0.053926510500000004,11159.7238
2018-02-20, 0.7934160612000001, 0.053651707400000005,11228.2413
2018-02-21, 0.7891801808000001, 0.0534106092,10456.1725
2018-02-22, 0.7874783501, 0.0532048143,9830.4263
2018-02-23, 0.7876905341, 0.0538520481,10149.4625
2018-02-26, 0.7888839086, 0.053757810600000004,10313.0825
2018-02-27, 0.7861570908000001, 0.05341178,10564.4188
2018-02-28, 0.7825474116000001, 0.053234657000000005,10309.6413
2018-03-01, 0.7775009582, 0.0528337761,10907.59
2018-03-02, 0.7763904654, 0.0528319051,11019.5213
2018-03-05, 0.7733442252, 0.052913533400000004,11432.9825
2018-03-06, 0.7760270118, 0.0535742036,10709.5275
2018-03-07, 0.7733557549000001, 0.0530511798,9906.8
2018-03-08, 0.7741834954, 0.053496365000000004,9299.2838
2018-03-09, 0.7755552751, 0.0537170578,9237.05
2018-03-12, 0.7794956279, 0.0535297803,9118.2713
2018-03-13, 0.7789804909, 0.0540099485,9144.1475
2018-03-14, 0.7734008629, 0.0538285789,8196.8975
2018-03-15, 0.7701092044000001, 0.053506935000000005,8256.9938
2018-03-16, 0.7646546901, 0.0533932331,8269.3275
2018-03-19, 0.7642968022000001, 0.0530855519,8594.1913
2018-03-20, 0.7653366584, 0.0533539633,8915.9038
2018-03-21, 0.7704270396, 0.053914577500000005,8895.4
2018-03-22, 0.7751274467, 0.0540732773,8712.8913
2018-03-23, 0.7780438619000001, 0.0539588469,8918.7438
2018-03-26, 0.7758329687000001, 0.0542493345,8138.3363
2018-03-27, 0.7759734153000001, 0.0543033281,7790.1575
2018-03-28, 0.7761362214, 0.0544428587,7937.205
2018-03-29, 0.7751494181, 0.0546994659,7086.4875
2018-04-03, 0.7781008977, 0.054962132000000004,7417.8875
2018-04-04, 0.7791317593, 0.0545115453,6789.3013
2018-04-05, 0.7829363305, 0.055277514800000004,6774.7513
2018-04-06, 0.7817252396000001, 0.054783111,6620.4088
2018-04-09, 0.7823985756, 0.0544704362,6773.9388
2018-04-10, 0.7900926814, 0.0547484697,6830.9038
2018-04-11, 0.792576, 0.054668979900000005,6939.55
2018-04-12, 0.7941612425, 0.0550588656,7916.3725
2018-04-13, 0.7955690479, 0.0551930884,7889.2313
2018-04-16, 0.7931520903, 0.0553717787,8051.345
2018-04-17, 0.7966604345, 0.055643363700000004,7890.15
2018-04-18, 0.7955304392, 0.055633647800000005,8163.69
2018-04-19, 0.79341279, 0.055112432600000004,8273.7413
2018-04-20, 0.7912193868, 0.054123575300000004,8863.5025
2018-04-23, 0.7820308007000001, 0.053441048000000005,8938.3038
2018-04-24, 0.779785468, 0.053101847,9652.1563
2018-04-25, 0.7759169638000001, 0.052477669500000004,8864.0875
2018-04-26, 0.7791010373, 0.0532623635,9278.9975
2018-04-27, 0.7762557078000001, 0.053188442200000005,8978.3325
2018-04-30, 0.7771844036000001, 0.0534523425,9244.3225
2018-05-02, 0.7796246997, 0.0527828942,9219.8638
2018-05-03, 0.7784990911, 0.0525598377,9734.675
2018-05-04, 0.7767034393000001, 0.0522034578,9692.7175
2018-05-07, 0.7759812231000001, 0.0516994983,9362.5338
2018-05-08, 0.770879335, 0.051210589,9180.1588
2018-05-09, 0.7764559775000001, 0.051193097800000004,9306.0
2018-05-10, 0.7828895334, 0.051518936800000005,9014.615
2018-05-11, 0.7852865697, 0.0519330189,8406.175
2018-05-14, 0.783478204, 0.0517065133,8675.2063
2018-05-15, 0.7790598571, 0.050695825,8474.2388
2018-05-16, 0.7772574368, 0.0506092088,8340.2988
2018-05-17, 0.7829806991, 0.0509539019,8058.6038
2018-05-18, 0.7815443811, 0.0505661382,8240.725
2018-05-21, 0.7767355836000001, 0.0499914973,8395.2325
2018-05-22, 0.7828222488000001, 0.0506523737,7983.5175
2018-05-23, 0.7749023761, 0.050130593,7502.5588
2018-05-24, 0.7761233538000001, 0.050781114700000005,7578.6913
2018-05-25, 0.7718497951000001, 0.0510085939,7460.6938
2018-05-28, 0.770411539, 0.051148693200000005,7105.6725
2018-05-29, 0.7675654137, 0.0506403432,7460.5838
2018-05-30, 0.7706883986, 0.0508358281,7375.67
2018-05-31, 0.777962495, 0.050326721500000005,7487.1875
2018-06-01, 0.7706379606, 0.0501172509,7518.245
2018-06-04, 0.7748217586, 0.0502308901,7490.59
2018-06-05, 0.7702203457, 0.0490597752,7616.8913
2018-06-06, 0.7765676568000001, 0.0490850529,7655.9788
2018-06-07, 0.7729380265, 0.0492067715,7688.0038
2018-06-08, 0.7695430143, 0.0488175634,7616.1025
2018-06-11, 0.7681782643, 0.0489872234,6877.1825
2018-06-12, 0.7686990545, 0.048536453800000004,6548.33
2018-06-13, 0.7682361392, 0.0483834483,6299.5225
2018-06-14, 0.7705951912, 0.0487448107,6637.7388
2018-06-15, 0.7617421008, 0.0481357564,6410.7225
2018-06-18, 0.7586725028, 0.0484401787,6709.48
2018-06-19, 0.752921209, 0.048371336200000004,6737.4138
2018-06-20, 0.7519158332, 0.04889482,6758.3788
2018-06-21, 0.7501462844, 0.0490381918,6717.2025
2018-06-22, 0.753476939, 0.0494678637,6053.8963
2018-06-25, 0.7527988676, 0.0499025408,6247.4675
2018-06-26, 0.7506592064000001, 0.0502302363,6074.9175
2018-06-27, 0.7521854562, 0.0501084907,6132.5625
2018-06-28, 0.7522405507000001, 0.0497293074,5848.2638
2018-06-29, 0.7549540215, 0.050949011700000005,6203.9013
2018-07-02, 0.7586364229, 0.049884279100000005,6613.27
2018-07-03, 0.7602320125, 0.0508387412,6504.9263
2018-07-04, 0.7606167516, 0.051334738500000004,6584.7663
2018-07-05, 0.7616105113, 0.0518494246,6531.2
2018-07-06, 0.7614470351, 0.0521855248,6600.9863
2018-07-09, 0.7647745702000001, 0.0525459538,6664.2063
2018-07-10, 0.7614744507000001, 0.0522619478,6302.49
2018-07-11, 0.7609752934, 0.052476947700000005,6381.8725
2018-07-12, 0.7585399180000001, 0.0527852864,6245.6338
2018-07-13, 0.7581065243, 0.052500811700000004,6217.6063
2018-07-16, 0.7610883824, 0.0531905237,6726.405
2018-07-17, 0.7600467441000001, 0.0527979723,7314.9425
2018-07-18, 0.7544999675, 0.0525912908,7378.7575
2018-07-19, 0.7548693896, 0.0524184976,7470.825
2018-07-20, 0.7556821861, 0.0526688721,7330.5363
2018-07-23, 0.7614219796, 0.0523652877,7717.5
2018-07-24, 0.7604755408, 0.053101439800000004,8397.635
2018-07-25, 0.7620102992000001, 0.053275363900000004,8166.76
2018-07-26, 0.7664028259, 0.0534928317,7929.61
2018-07-27, 0.7651550056, 0.053642374900000005,8183.025
2018-07-30, 0.7664152181, 0.053803647100000004,8167.9988
2018-07-31, 0.7671591058, 0.053879349900000005,7726.8913
2018-08-01, 0.767907557, 0.0536415337,7603.7488
2018-08-02, 0.7671024828, 0.0533078197,7535.02
2018-08-03, 0.7681803116, 0.053573740200000004,7415.5613
2018-08-06, 0.767895157, 0.0538175342,6937.0738
2018-08-07, 0.7710507078000001, 0.0543131738,6717.2088
2018-08-08, 0.764546774, 0.0540352775,6280.58
2018-08-09, 0.7671894646, 0.053807559000000005,6537.9025
2018-08-10, 0.7636315158, 0.0529064854,6143.305
2018-08-13, 0.7604027741, 0.0520803836,6252.37
2018-08-14, 0.7650412503, 0.0526797096,6192.3063
2018-08-15, 0.7632306344, 0.052234295300000004,6270.0425
2018-08-16, 0.7609423103, 0.0524030751,6314.2413
2018-08-17, 0.7606169872, 0.052292832500000004,6583.2388
2018-08-20, 0.7650566088, 0.052797041100000004,6256.6063
2018-08-21, 0.7679262919000001, 0.052808705000000004,6477.3763
2018-08-22, 0.7679492265000001, 0.0530844846,6357.5875
2018-08-23, 0.7673802107000001, 0.0532519615,6525.6088
2018-08-24, 0.7652380638, 0.052867134100000004,6692.6213
2018-08-27, 0.7662363325, 0.0533369402,6907.6613
2018-08-28, 0.7740613432, 0.053349734600000004,7076.745
2018-08-29, 0.7725435632000001, 0.052227975600000004,7035.8125
2018-08-30, 0.7734338824, 0.0525823454,6982.4
2018-08-31, 0.7669167983, 0.0520999159,7013.9738
