,rates,start_at,base,end_at
2013-09-02,{'USD': 0.9496656360000001},2013-08-31,CAD,2018-09-01
2013-09-03,{'USD': 0.9500865551000001},2013-08-31,CAD,2018-09-01
2013-09-04,{'USD': 0.9534530187},2013-08-31,CAD,2018-09-01
2013-09-05,{'USD': 0.9541085495},2013-08-31,CAD,2018-09-01
2013-09-06,{'USD': 0.9587048677000001},2013-08-31,CAD,2018-09-01
2013-09-09,{'USD': 0.9631359953},2013-08-31,CAD,2018-09-01
2013-09-10,{'USD': 0.9675533470000001},2013-08-31,CAD,2018-09-01
2013-09-11,{'USD': 0.9673374162},2013-08-31,CAD,2018-09-01
2013-09-12,{'USD': 0.9690120306000001},2013-08-31,CAD,2018-09-01
2013-09-13,{'USD': 0.9676832375000001},2013-08-31,CAD,2018-09-01
2013-09-16,{'USD': 0.9707827604},2013-08-31,CAD,2018-09-01
2013-09-17,{'USD': 0.9696529694},2013-08-31,CAD,2018-09-01
2013-09-18,{'USD': 0.9702078186},2013-08-31,CAD,2018-09-01
2013-09-19,{'USD': 0.9794634464},2013-08-31,CAD,2018-09-01
2013-09-20,{'USD': 0.9723701252},2013-08-31,CAD,2018-09-01
2013-09-23,{'USD': 0.9711697462000001},2013-08-31,CAD,2018-09-01
2013-09-24,{'USD': 0.9722883741},2013-08-31,CAD,2018-09-01
2013-09-25,{'USD': 0.9698362540000001},2013-08-31,CAD,2018-09-01
2013-09-26,{'USD': 0.9705226832},2013-08-31,CAD,2018-09-01
2013-09-27,{'USD': 0.9692131453},2013-08-31,CAD,2018-09-01
2013-09-30,{'USD': 0.9707446809},2013-08-31,CAD,2018-09-01
2013-10-01,{'USD': 0.9707778255},2013-08-31,CAD,2018-09-01
2013-10-02,{'USD': 0.9661853017},2013-08-31,CAD,2018-09-01
2013-10-03,{'USD': 0.9673379350000001},2013-08-31,CAD,2018-09-01
2013-10-04,{'USD': 0.9680244979},2013-08-31,CAD,2018-09-01
2013-10-07,{'USD': 0.9687366167},2013-08-31,CAD,2018-09-01
2013-10-08,{'USD': 0.9701300557},2013-08-31,CAD,2018-09-01
2013-10-09,{'USD': 0.9633616081},2013-08-31,CAD,2018-09-01
2013-10-10,{'USD': 0.9629260656},2013-08-31,CAD,2018-09-01
2013-10-11,{'USD': 0.9625372499},2013-08-31,CAD,2018-09-01
2013-10-14,{'USD': 0.9660280607},2013-08-31,CAD,2018-09-01
2013-10-15,{'USD': 0.9655098390000001},2013-08-31,CAD,2018-09-01
2013-10-16,{'USD': 0.9640292884},2013-08-31,CAD,2018-09-01
2013-10-17,{'USD': 0.9710711493},2013-08-31,CAD,2018-09-01
2013-10-18,{'USD': 0.9712541699},2013-08-31,CAD,2018-09-01
2013-10-21,{'USD': 0.9714265406},2013-08-31,CAD,2018-09-01
2013-10-22,{'USD': 0.970888952},2013-08-31,CAD,2018-09-01
2013-10-23,{'USD': 0.9692014941},2013-08-31,CAD,2018-09-01
2013-10-24,{'USD': 0.9614848865000001},2013-08-31,CAD,2018-09-01
2013-10-25,{'USD': 0.9580667594000001},2013-08-31,CAD,2018-09-01
2013-10-28,{'USD': 0.9574881912000001},2013-08-31,CAD,2018-09-01
2013-10-29,{'USD': 0.9575074762},2013-08-31,CAD,2018-09-01
2013-10-30,{'USD': 0.9576023392},2013-08-31,CAD,2018-09-01
2013-10-31,{'USD': 0.9571959862},2013-08-31,CAD,2018-09-01
2013-11-01,{'USD': 0.9590257066000001},2013-08-31,CAD,2018-09-01
2013-11-04,{'USD': 0.9614179954000001},2013-08-31,CAD,2018-09-01
2013-11-05,{'USD': 0.9588573865000001},2013-08-31,CAD,2018-09-01
2013-11-06,{'USD': 0.9578373016},2013-08-31,CAD,2018-09-01
2013-11-07,{'USD': 0.9587517934},2013-08-31,CAD,2018-09-01
2013-11-08,{'USD': 0.9564876798},2013-08-31,CAD,2018-09-01
2013-11-11,{'USD': 0.9549408242},2013-08-31,CAD,2018-09-01
2013-11-12,{'USD': 0.9528268426000001},2013-08-31,CAD,2018-09-01
2013-11-13,{'USD': 0.9533792907},2013-08-31,CAD,2018-09-01
2013-11-14,{'USD': 0.9525024812},2013-08-31,CAD,2018-09-01
2013-11-15,{'USD': 0.9556265531},2013-08-31,CAD,2018-09-01
2013-11-18,{'USD': 0.9599460266000001},2013-08-31,CAD,2018-09-01
2013-11-19,{'USD': 0.9581322736000001},2013-08-31,CAD,2018-09-01
2013-11-20,{'USD': 0.9563096501},2013-08-31,CAD,2018-09-01
2013-11-21,{'USD': 0.9548515132000001},2013-08-31,CAD,2018-09-01
2013-11-22,{'USD': 0.9486981543},2013-08-31,CAD,2018-09-01
2013-11-25,{'USD': 0.9468890135},2013-08-31,CAD,2018-09-01
2013-11-26,{'USD': 0.9501332585000001},2013-08-31,CAD,2018-09-01
2013-11-27,{'USD': 0.9453483521},2013-08-31,CAD,2018-09-01
2013-11-28,{'USD': 0.9454646633},2013-08-31,CAD,2018-09-01
2013-11-29,{'USD': 0.9456023343000001},2013-08-31,CAD,2018-09-01
2013-12-02,{'USD': 0.9408493779},2013-08-31,CAD,2018-09-01
2013-12-03,{'USD': 0.9386795714},2013-08-31,CAD,2018-09-01
2013-12-04,{'USD': 0.9384148025000001},2013-08-31,CAD,2018-09-01
2013-12-05,{'USD': 0.9383585283},2013-08-31,CAD,2018-09-01
2013-12-06,{'USD': 0.9390294199},2013-08-31,CAD,2018-09-01
2013-12-09,{'USD': 0.9377434566},2013-08-31,CAD,2018-09-01
2013-12-10,{'USD': 0.9415228704},2013-08-31,CAD,2018-09-01
2013-12-11,{'USD': 0.9441739250000001},2013-08-31,CAD,2018-09-01
2013-12-12,{'USD': 0.9453709423000001},2013-08-31,CAD,2018-09-01
2013-12-13,{'USD': 0.9385341173},2013-08-31,CAD,2018-09-01
2013-12-16,{'USD': 0.9449207765000001},2013-08-31,CAD,2018-09-01
2013-12-17,{'USD': 0.9444940578000001},2013-08-31,CAD,2018-09-01
2013-12-18,{'USD': 0.9403597565},2013-08-31,CAD,2018-09-01
2013-12-19,{'USD': 0.9329010239000001},2013-08-31,CAD,2018-09-01
2013-12-20,{'USD': 0.9352739726},2013-08-31,CAD,2018-09-01
2013-12-23,{'USD': 0.9434040209000001},2013-08-31,CAD,2018-09-01
2013-12-24,{'USD': 0.9424891521000001},2013-08-31,CAD,2018-09-01
2013-12-27,{'USD': 0.9377503224},2013-08-31,CAD,2018-09-01
2013-12-30,{'USD': 0.9335545923},2013-08-31,CAD,2018-09-01
2013-12-31,{'USD': 0.9400177220000001},2013-08-31,CAD,2018-09-01
2014-01-02,{'USD': 0.9406336088},2013-08-31,CAD,2018-09-01
2014-01-03,{'USD': 0.9423555433},2013-08-31,CAD,2018-09-01
2014-01-06,{'USD': 0.9383278146},2013-08-31,CAD,2018-09-01
2014-01-07,{'USD': 0.9352759685},2013-08-31,CAD,2018-09-01
2014-01-08,{'USD': 0.9252654506},2013-08-31,CAD,2018-09-01
2014-01-09,{'USD': 0.9209742896},2013-08-31,CAD,2018-09-01
2014-01-10,{'USD': 0.9194694458},2013-08-31,CAD,2018-09-01
2014-01-13,{'USD': 0.9165603813000001},2013-08-31,CAD,2018-09-01
2014-01-14,{'USD': 0.9182960425000001},2013-08-31,CAD,2018-09-01
2014-01-15,{'USD': 0.9128480376},2013-08-31,CAD,2018-09-01
2014-01-16,{'USD': 0.9155612417000001},2013-08-31,CAD,2018-09-01
2014-01-17,{'USD': 0.9116778523},2013-08-31,CAD,2018-09-01
2014-01-20,{'USD': 0.9142741609},2013-08-31,CAD,2018-09-01
2014-01-21,{'USD': 0.9091886805},2013-08-31,CAD,2018-09-01
2014-01-22,{'USD': 0.9119386932},2013-08-31,CAD,2018-09-01
2014-01-23,{'USD': 0.8973616685},2013-08-31,CAD,2018-09-01
2014-01-24,{'USD': 0.9039693547000001},2013-08-31,CAD,2018-09-01
2014-01-27,{'USD': 0.9057029178},2013-08-31,CAD,2018-09-01
2014-01-28,{'USD': 0.8973701512000001},2013-08-31,CAD,2018-09-01
2014-01-29,{'USD': 0.8968562578},2013-08-31,CAD,2018-09-01
2014-01-30,{'USD': 0.8944385872},2013-08-31,CAD,2018-09-01
2014-01-31,{'USD': 0.8932654815000001},2013-08-31,CAD,2018-09-01
2014-02-03,{'USD': 0.9028762542000001},2013-08-31,CAD,2018-09-01
2014-02-04,{'USD': 0.9030728123},2013-08-31,CAD,2018-09-01
2014-02-05,{'USD': 0.9043135684},2013-08-31,CAD,2018-09-01
2014-02-06,{'USD': 0.9041876047},2013-08-31,CAD,2018-09-01
2014-02-07,{'USD': 0.9034276206},2013-08-31,CAD,2018-09-01
2014-02-10,{'USD': 0.9053973312},2013-08-31,CAD,2018-09-01
2014-02-11,{'USD': 0.9061154177},2013-08-31,CAD,2018-09-01
2014-02-12,{'USD': 0.9091091762},2013-08-31,CAD,2018-09-01
2014-02-13,{'USD': 0.9088190337000001},2013-08-31,CAD,2018-09-01
2014-02-14,{'USD': 0.9127655324},2013-08-31,CAD,2018-09-01
2014-02-17,{'USD': 0.9123543124},2013-08-31,CAD,2018-09-01
2014-02-18,{'USD': 0.9118135334},2013-08-31,CAD,2018-09-01
2014-02-19,{'USD': 0.9132283569},2013-08-31,CAD,2018-09-01
2014-02-20,{'USD': 0.9023635526},2013-08-31,CAD,2018-09-01
2014-02-21,{'USD': 0.8956481965},2013-08-31,CAD,2018-09-01
2014-02-24,{'USD': 0.9010693433},2013-08-31,CAD,2018-09-01
2014-02-25,{'USD': 0.9029081599000001},2013-08-31,CAD,2018-09-01
2014-02-26,{'USD': 0.9012475378},2013-08-31,CAD,2018-09-01
2014-02-27,{'USD': 0.8984210526},2013-08-31,CAD,2018-09-01
2014-02-28,{'USD': 0.8994595299},2013-08-31,CAD,2018-09-01
2014-03-03,{'USD': 0.901165074},2013-08-31,CAD,2018-09-01
2014-03-04,{'USD': 0.9031750197},2013-08-31,CAD,2018-09-01
2014-03-05,{'USD': 0.9040157999},2013-08-31,CAD,2018-09-01
2014-03-06,{'USD': 0.9065426725},2013-08-31,CAD,2018-09-01
2014-03-07,{'USD': 0.910425267},2013-08-31,CAD,2018-09-01
2014-03-10,{'USD': 0.9002529347},2013-08-31,CAD,2018-09-01
2014-03-11,{'USD': 0.8999350227},2013-08-31,CAD,2018-09-01
2014-03-12,{'USD': 0.8979631426},2013-08-31,CAD,2018-09-01
2014-03-13,{'USD': 0.9036816178},2013-08-31,CAD,2018-09-01
2014-03-14,{'USD': 0.9019684272},2013-08-31,CAD,2018-09-01
2014-03-17,{'USD': 0.9033976483},2013-08-31,CAD,2018-09-01
2014-03-18,{'USD': 0.9053728427000001},2013-08-31,CAD,2018-09-01
2014-03-19,{'USD': 0.8950144741},2013-08-31,CAD,2018-09-01
2014-03-20,{'USD': 0.8874701748},2013-08-31,CAD,2018-09-01
2014-03-21,{'USD': 0.8927761581},2013-08-31,CAD,2018-09-01
2014-03-24,{'USD': 0.8916364578},2013-08-31,CAD,2018-09-01
2014-03-25,{'USD': 0.8946343995},2013-08-31,CAD,2018-09-01
2014-03-26,{'USD': 0.8956357969000001},2013-08-31,CAD,2018-09-01
2014-03-27,{'USD': 0.9014545931},2013-08-31,CAD,2018-09-01
2014-03-28,{'USD': 0.9059722131},2013-08-31,CAD,2018-09-01
2014-03-31,{'USD': 0.9056157635000001},2013-08-31,CAD,2018-09-01
2014-04-01,{'USD': 0.9047962732},2013-08-31,CAD,2018-09-01
2014-04-02,{'USD': 0.9081034823},2013-08-31,CAD,2018-09-01
2014-04-03,{'USD': 0.9076588452000001},2013-08-31,CAD,2018-09-01
2014-04-04,{'USD': 0.9072847682},2013-08-31,CAD,2018-09-01
2014-04-07,{'USD': 0.9097719438},2013-08-31,CAD,2018-09-01
2014-04-08,{'USD': 0.9149119894000001},2013-08-31,CAD,2018-09-01
2014-04-09,{'USD': 0.9146001857},2013-08-31,CAD,2018-09-01
2014-04-10,{'USD': 0.9172509591},2013-08-31,CAD,2018-09-01
2014-04-11,{'USD': 0.9116719243},2013-08-31,CAD,2018-09-01
2014-04-14,{'USD': 0.9118907868},2013-08-31,CAD,2018-09-01
2014-04-15,{'USD': 0.9098279612},2013-08-31,CAD,2018-09-01
2014-04-16,{'USD': 0.9105263158},2013-08-31,CAD,2018-09-01
2014-04-17,{'USD': 0.9083458992000001},2013-08-31,CAD,2018-09-01
2014-04-22,{'USD': 0.9079379682000001},2013-08-31,CAD,2018-09-01
2014-04-23,{'USD': 0.90720703},2013-08-31,CAD,2018-09-01
2014-04-24,{'USD': 0.9070026908000001},2013-08-31,CAD,2018-09-01
2014-04-25,{'USD': 0.9076054859},2013-08-31,CAD,2018-09-01
2014-04-28,{'USD': 0.9071335079},2013-08-31,CAD,2018-09-01
2014-04-29,{'USD': 0.9115843608},2013-08-31,CAD,2018-09-01
2014-04-30,{'USD': 0.9117240471},2013-08-31,CAD,2018-09-01
2014-05-02,{'USD': 0.9119736842},2013-08-31,CAD,2018-09-01
2014-05-05,{'USD': 0.9102479990000001},2013-08-31,CAD,2018-09-01
2014-05-06,{'USD': 0.9155068277},2013-08-31,CAD,2018-09-01
2014-05-07,{'USD': 0.9184252176000001},2013-08-31,CAD,2018-09-01
2014-05-08,{'USD': 0.9194728171000001},2013-08-31,CAD,2018-09-01
2014-05-09,{'USD': 0.9233500838},2013-08-31,CAD,2018-09-01
2014-05-12,{'USD': 0.9191372863},2013-08-31,CAD,2018-09-01
2014-05-13,{'USD': 0.9175092066},2013-08-31,CAD,2018-09-01
2014-05-14,{'USD': 0.9171680706},2013-08-31,CAD,2018-09-01
2014-05-15,{'USD': 0.9201077804000001},2013-08-31,CAD,2018-09-01
2014-05-16,{'USD': 0.9193797409000001},2013-08-31,CAD,2018-09-01
2014-05-19,{'USD': 0.9202227590000001},2013-08-31,CAD,2018-09-01
2014-05-20,{'USD': 0.9183030628000001},2013-08-31,CAD,2018-09-01
2014-05-21,{'USD': 0.9173598068000001},2013-08-31,CAD,2018-09-01
2014-05-22,{'USD': 0.9163928931},2013-08-31,CAD,2018-09-01
2014-05-23,{'USD': 0.9173509221},2013-08-31,CAD,2018-09-01
2014-05-26,{'USD': 0.9205374021},2013-08-31,CAD,2018-09-01
2014-05-27,{'USD': 0.9217356042},2013-08-31,CAD,2018-09-01
2014-05-28,{'USD': 0.9206413639000001},2013-08-31,CAD,2018-09-01
2014-05-29,{'USD': 0.9213483146},2013-08-31,CAD,2018-09-01
2014-05-30,{'USD': 0.9228212954},2013-08-31,CAD,2018-09-01
2014-06-02,{'USD': 0.9205329366},2013-08-31,CAD,2018-09-01
2014-06-03,{'USD': 0.9165099409},2013-08-31,CAD,2018-09-01
2014-06-04,{'USD': 0.9149936212},2013-08-31,CAD,2018-09-01
2014-06-05,{'USD': 0.9140951354},2013-08-31,CAD,2018-09-01
2014-06-06,{'USD': 0.9154475909},2013-08-31,CAD,2018-09-01
2014-06-09,{'USD': 0.9156853509},2013-08-31,CAD,2018-09-01
2014-06-10,{'USD': 0.9163284632},2013-08-31,CAD,2018-09-01
2014-06-11,{'USD': 0.9185029494},2013-08-31,CAD,2018-09-01
2014-06-12,{'USD': 0.9208985705},2013-08-31,CAD,2018-09-01
2014-06-13,{'USD': 0.9217462371},2013-08-31,CAD,2018-09-01
2014-06-16,{'USD': 0.9190437381000001},2013-08-31,CAD,2018-09-01
2014-06-17,{'USD': 0.9203635870000001},2013-08-31,CAD,2018-09-01
2014-06-18,{'USD': 0.9200244200000001},2013-08-31,CAD,2018-09-01
2014-06-19,{'USD': 0.9234524375000001},2013-08-31,CAD,2018-09-01
2014-06-20,{'USD': 0.9247311828},2013-08-31,CAD,2018-09-01
2014-06-23,{'USD': 0.9316157325000001},2013-08-31,CAD,2018-09-01
2014-06-24,{'USD': 0.9317824153},2013-08-31,CAD,2018-09-01
2014-06-25,{'USD': 0.9312585499},2013-08-31,CAD,2018-09-01
2014-06-26,{'USD': 0.9333882143000001},2013-08-31,CAD,2018-09-01
2014-06-27,{'USD': 0.93569662},2013-08-31,CAD,2018-09-01
2014-06-30,{'USD': 0.9361847968},2013-08-31,CAD,2018-09-01
2014-07-01,{'USD': 0.9383697813},2013-08-31,CAD,2018-09-01
2014-07-02,{'USD': 0.9395252838},2013-08-31,CAD,2018-09-01
2014-07-03,{'USD': 0.9391603579000001},2013-08-31,CAD,2018-09-01
2014-07-04,{'USD': 0.9402809494000001},2013-08-31,CAD,2018-09-01
2014-07-07,{'USD': 0.9395824692},2013-08-31,CAD,2018-09-01
2014-07-08,{'USD': 0.9366556383},2013-08-31,CAD,2018-09-01
2014-07-09,{'USD': 0.9377498966000001},2013-08-31,CAD,2018-09-01
2014-07-10,{'USD': 0.9372373407000001},2013-08-31,CAD,2018-09-01
2014-07-11,{'USD': 0.9397898521},2013-08-31,CAD,2018-09-01
2014-07-14,{'USD': 0.9321431014},2013-08-31,CAD,2018-09-01
2014-07-15,{'USD': 0.9316952981000001},2013-08-31,CAD,2018-09-01
2014-07-16,{'USD': 0.9291403461000001},2013-08-31,CAD,2018-09-01
2014-07-17,{'USD': 0.930384536},2013-08-31,CAD,2018-09-01
2014-07-18,{'USD': 0.9306406110000001},2013-08-31,CAD,2018-09-01
2014-07-21,{'USD': 0.9307353346},2013-08-31,CAD,2018-09-01
2014-07-22,{'USD': 0.9295959178000001},2013-08-31,CAD,2018-09-01
2014-07-23,{'USD': 0.9327376004000001},2013-08-31,CAD,2018-09-01
2014-07-24,{'USD': 0.9323828639},2013-08-31,CAD,2018-09-01
2014-07-25,{'USD': 0.9286898839000001},2013-08-31,CAD,2018-09-01
2014-07-28,{'USD': 0.925137741},2013-08-31,CAD,2018-09-01
2014-07-29,{'USD': 0.9242893523000001},2013-08-31,CAD,2018-09-01
2014-07-30,{'USD': 0.9196404063},2013-08-31,CAD,2018-09-01
2014-07-31,{'USD': 0.9157426420000001},2013-08-31,CAD,2018-09-01
2014-08-01,{'USD': 0.9152716092000001},2013-08-31,CAD,2018-09-01
2014-08-04,{'USD': 0.9155525239000001},2013-08-31,CAD,2018-09-01
2014-08-05,{'USD': 0.9131354487000001},2013-08-31,CAD,2018-09-01
2014-08-06,{'USD': 0.9113569624000001},2013-08-31,CAD,2018-09-01
2014-08-07,{'USD': 0.9146767020000001},2013-08-31,CAD,2018-09-01
2014-08-08,{'USD': 0.9161078418},2013-08-31,CAD,2018-09-01
2014-08-11,{'USD': 0.9129100457},2013-08-31,CAD,2018-09-01
2014-08-12,{'USD': 0.9132338853},2013-08-31,CAD,2018-09-01
2014-08-13,{'USD': 0.9155074351},2013-08-31,CAD,2018-09-01
2014-08-14,{'USD': 0.9181599725},2013-08-31,CAD,2018-09-01
2014-08-15,{'USD': 0.9174261632},2013-08-31,CAD,2018-09-01
2014-08-18,{'USD': 0.9192252215000001},2013-08-31,CAD,2018-09-01
2014-08-19,{'USD': 0.9166666667000001},2013-08-31,CAD,2018-09-01
2014-08-20,{'USD': 0.9130524435},2013-08-31,CAD,2018-09-01
2014-08-21,{'USD': 0.9121045392},2013-08-31,CAD,2018-09-01
2014-08-22,{'USD': 0.9126367201000001},2013-08-31,CAD,2018-09-01
2014-08-25,{'USD': 0.9130525005000001},2013-08-31,CAD,2018-09-01
2014-08-26,{'USD': 0.9119944694000001},2013-08-31,CAD,2018-09-01
2014-08-27,{'USD': 0.9168522126},2013-08-31,CAD,2018-09-01
2014-08-28,{'USD': 0.9221833450000001},2013-08-31,CAD,2018-09-01
2014-08-29,{'USD': 0.9213357552},2013-08-31,CAD,2018-09-01
2014-09-01,{'USD': 0.920580401},2013-08-31,CAD,2018-09-01
2014-09-02,{'USD': 0.9166841406},2013-08-31,CAD,2018-09-01
2014-09-03,{'USD': 0.9173409598000001},2013-08-31,CAD,2018-09-01
2014-09-04,{'USD': 0.9191384181000001},2013-08-31,CAD,2018-09-01
2014-09-05,{'USD': 0.9192758253000001},2013-08-31,CAD,2018-09-01
2014-09-08,{'USD': 0.9169912883},2013-08-31,CAD,2018-09-01
2014-09-09,{'USD': 0.9109651910000001},2013-08-31,CAD,2018-09-01
2014-09-10,{'USD': 0.9096601703},2013-08-31,CAD,2018-09-01
2014-09-11,{'USD': 0.9081202585},2013-08-31,CAD,2018-09-01
2014-09-12,{'USD': 0.9042657343},2013-08-31,CAD,2018-09-01
2014-09-15,{'USD': 0.9020470901000001},2013-08-31,CAD,2018-09-01
2014-09-16,{'USD': 0.9057144856},2013-08-31,CAD,2018-09-01
2014-09-17,{'USD': 0.9112392742000001},2013-08-31,CAD,2018-09-01
2014-09-18,{'USD': 0.9091037503},2013-08-31,CAD,2018-09-01
2014-09-19,{'USD': 0.9109079311},2013-08-31,CAD,2018-09-01
2014-09-22,{'USD': 0.9087371772},2013-08-31,CAD,2018-09-01
2014-09-23,{'USD': 0.908847374},2013-08-31,CAD,2018-09-01
2014-09-24,{'USD': 0.9027943971},2013-08-31,CAD,2018-09-01
2014-09-25,{'USD': 0.8992642898000001},2013-08-31,CAD,2018-09-01
2014-09-26,{'USD': 0.8999151824},2013-08-31,CAD,2018-09-01
2014-09-29,{'USD': 0.8962037821000001},2013-08-31,CAD,2018-09-01
2014-09-30,{'USD': 0.8950775359},2013-08-31,CAD,2018-09-01
2014-10-01,{'USD': 0.8913643115000001},2013-08-31,CAD,2018-09-01
2014-10-02,{'USD': 0.897917111},2013-08-31,CAD,2018-09-01
2014-10-03,{'USD': 0.8942444003000001},2013-08-31,CAD,2018-09-01
2014-10-06,{'USD': 0.8925273476000001},2013-08-31,CAD,2018-09-01
2014-10-07,{'USD': 0.8970399886},2013-08-31,CAD,2018-09-01
2014-10-08,{'USD': 0.8948411294},2013-08-31,CAD,2018-09-01
2014-10-09,{'USD': 0.9000705219},2013-08-31,CAD,2018-09-01
2014-10-10,{'USD': 0.893081761},2013-08-31,CAD,2018-09-01
2014-10-13,{'USD': 0.891882386},2013-08-31,CAD,2018-09-01
2014-10-14,{'USD': 0.8891232511},2013-08-31,CAD,2018-09-01
2014-10-15,{'USD': 0.8792780285},2013-08-31,CAD,2018-09-01
2014-10-16,{'USD': 0.8825280354},2013-08-31,CAD,2018-09-01
2014-10-17,{'USD': 0.8894977802},2013-08-31,CAD,2018-09-01
2014-10-20,{'USD': 0.8881858007000001},2013-08-31,CAD,2018-09-01
2014-10-21,{'USD': 0.8889662859},2013-08-31,CAD,2018-09-01
2014-10-22,{'USD': 0.8912371858},2013-08-31,CAD,2018-09-01
2014-10-23,{'USD': 0.8916807432},2013-08-31,CAD,2018-09-01
2014-10-24,{'USD': 0.8920442534},2013-08-31,CAD,2018-09-01
2014-10-27,{'USD': 0.8890680878},2013-08-31,CAD,2018-09-01
2014-10-28,{'USD': 0.8922796948},2013-08-31,CAD,2018-09-01
2014-10-29,{'USD': 0.8974774521000001},2013-08-31,CAD,2018-09-01
2014-10-30,{'USD': 0.8951257638000001},2013-08-31,CAD,2018-09-01
2014-10-31,{'USD': 0.8869688385000001},2013-08-31,CAD,2018-09-01
2014-11-03,{'USD': 0.8860283688},2013-08-31,CAD,2018-09-01
2014-11-04,{'USD': 0.8759624808},2013-08-31,CAD,2018-09-01
2014-11-05,{'USD': 0.8738883832000001},2013-08-31,CAD,2018-09-01
2014-11-06,{'USD': 0.8764792381000001},2013-08-31,CAD,2018-09-01
2014-11-07,{'USD': 0.8747176736000001},2013-08-31,CAD,2018-09-01
2014-11-10,{'USD': 0.8840271878},2013-08-31,CAD,2018-09-01
2014-11-11,{'USD': 0.8780212014000001},2013-08-31,CAD,2018-09-01
2014-11-12,{'USD': 0.8836203842},2013-08-31,CAD,2018-09-01
2014-11-13,{'USD': 0.8827156119},2013-08-31,CAD,2018-09-01
2014-11-14,{'USD': 0.8785588131000001},2013-08-31,CAD,2018-09-01
2014-11-17,{'USD': 0.8841717965},2013-08-31,CAD,2018-09-01
2014-11-18,{'USD': 0.8856334041},2013-08-31,CAD,2018-09-01
2014-11-19,{'USD': 0.8811331365},2013-08-31,CAD,2018-09-01
2014-11-20,{'USD': 0.883028169},2013-08-31,CAD,2018-09-01
2014-11-21,{'USD': 0.8881103882},2013-08-31,CAD,2018-09-01
2014-11-24,{'USD': 0.8889048062},2013-08-31,CAD,2018-09-01
2014-11-25,{'USD': 0.8872384489},2013-08-31,CAD,2018-09-01
2014-11-26,{'USD': 0.8874582059},2013-08-31,CAD,2018-09-01
2014-11-27,{'USD': 0.8889522046},2013-08-31,CAD,2018-09-01
2014-11-28,{'USD': 0.8774161805},2013-08-31,CAD,2018-09-01
2014-12-01,{'USD': 0.8772954338000001},2013-08-31,CAD,2018-09-01
2014-12-02,{'USD': 0.8795752212},2013-08-31,CAD,2018-09-01
2014-12-03,{'USD': 0.8786518455000001},2013-08-31,CAD,2018-09-01
2014-12-04,{'USD': 0.8794827833000001},2013-08-31,CAD,2018-09-01
2014-12-05,{'USD': 0.8776712815000001},2013-08-31,CAD,2018-09-01
2014-12-08,{'USD': 0.8738860769000001},2013-08-31,CAD,2018-09-01
2014-12-09,{'USD': 0.8731469716},2013-08-31,CAD,2018-09-01
2014-12-10,{'USD': 0.8735372903},2013-08-31,CAD,2018-09-01
2014-12-11,{'USD': 0.8702471816},2013-08-31,CAD,2018-09-01
2014-12-12,{'USD': 0.8635638482},2013-08-31,CAD,2018-09-01
2014-12-15,{'USD': 0.8624973971000001},2013-08-31,CAD,2018-09-01
2014-12-16,{'USD': 0.8579934301000001},2013-08-31,CAD,2018-09-01
2014-12-17,{'USD': 0.8595497859000001},2013-08-31,CAD,2018-09-01
2014-12-18,{'USD': 0.8622262774},2013-08-31,CAD,2018-09-01
2014-12-19,{'USD': 0.8623498841},2013-08-31,CAD,2018-09-01
2014-12-22,{'USD': 0.8598583152},2013-08-31,CAD,2018-09-01
2014-12-23,{'USD': 0.8592837543},2013-08-31,CAD,2018-09-01
2014-12-24,{'USD': 0.8626800339},2013-08-31,CAD,2018-09-01
2014-12-29,{'USD': 0.8599732074},2013-08-31,CAD,2018-09-01
2014-12-30,{'USD': 0.8604585338},2013-08-31,CAD,2018-09-01
2014-12-31,{'USD': 0.8633293038000001},2013-08-31,CAD,2018-09-01
2015-01-02,{'USD': 0.8559954510000001},2013-08-31,CAD,2018-09-01
2015-01-05,{'USD': 0.848586283},2013-08-31,CAD,2018-09-01
2015-01-06,{'USD': 0.8501498501},2013-08-31,CAD,2018-09-01
2015-01-07,{'USD': 0.8453129466},2013-08-31,CAD,2018-09-01
2015-01-08,{'USD': 0.8463142754},2013-08-31,CAD,2018-09-01
2015-01-09,{'USD': 0.8460216286000001},2013-08-31,CAD,2018-09-01
2015-01-12,{'USD': 0.8405611337000001},2013-08-31,CAD,2018-09-01
2015-01-13,{'USD': 0.8357213789},2013-08-31,CAD,2018-09-01
2015-01-14,{'USD': 0.8357583931},2013-08-31,CAD,2018-09-01
2015-01-15,{'USD': 0.8450378925},2013-08-31,CAD,2018-09-01
2015-01-16,{'USD': 0.83091926},2013-08-31,CAD,2018-09-01
2015-01-19,{'USD': 0.8345318568000001},2013-08-31,CAD,2018-09-01
2015-01-20,{'USD': 0.8324227175000001},2013-08-31,CAD,2018-09-01
2015-01-21,{'USD': 0.8281305808},2013-08-31,CAD,2018-09-01
2015-01-22,{'USD': 0.8094475023000001},2013-08-31,CAD,2018-09-01
2015-01-23,{'USD': 0.8034727703000001},2013-08-31,CAD,2018-09-01
2015-01-26,{'USD': 0.8026268827},2013-08-31,CAD,2018-09-01
2015-01-27,{'USD': 0.8026979056},2013-08-31,CAD,2018-09-01
2015-01-28,{'USD': 0.8051100071},2013-08-31,CAD,2018-09-01
2015-01-29,{'USD': 0.7980111432},2013-08-31,CAD,2018-09-01
2015-01-30,{'USD': 0.7892899532000001},2013-08-31,CAD,2018-09-01
2015-02-02,{'USD': 0.7891431761000001},2013-08-31,CAD,2018-09-01
2015-02-03,{'USD': 0.7946353730000001},2013-08-31,CAD,2018-09-01
2015-02-04,{'USD': 0.8030590051000001},2013-08-31,CAD,2018-09-01
2015-02-05,{'USD': 0.7984604619},2013-08-31,CAD,2018-09-01
2015-02-06,{'USD': 0.8035237962},2013-08-31,CAD,2018-09-01
2015-02-09,{'USD': 0.7999858096},2013-08-31,CAD,2018-09-01
2015-02-10,{'USD': 0.8018881317000001},2013-08-31,CAD,2018-09-01
2015-02-11,{'USD': 0.7929632745},2013-08-31,CAD,2018-09-01
2015-02-12,{'USD': 0.7961765533},2013-08-31,CAD,2018-09-01
2015-02-13,{'USD': 0.7995082543},2013-08-31,CAD,2018-09-01
2015-02-16,{'USD': 0.8030409686000001},2013-08-31,CAD,2018-09-01
2015-02-17,{'USD': 0.8081415929},2013-08-31,CAD,2018-09-01
2015-02-18,{'USD': 0.8032207939},2013-08-31,CAD,2018-09-01
2015-02-19,{'USD': 0.7986953777},2013-08-31,CAD,2018-09-01
2015-02-20,{'USD': 0.802813899},2013-08-31,CAD,2018-09-01
2015-02-23,{'USD': 0.7925084175},2013-08-31,CAD,2018-09-01
2015-02-24,{'USD': 0.7909509845},2013-08-31,CAD,2018-09-01
2015-02-25,{'USD': 0.803768773},2013-08-31,CAD,2018-09-01
2015-02-26,{'USD': 0.80194161},2013-08-31,CAD,2018-09-01
2015-02-27,{'USD': 0.80314398},2013-08-31,CAD,2018-09-01
2015-03-02,{'USD': 0.8004991087000001},2013-08-31,CAD,2018-09-01
2015-03-03,{'USD': 0.7987983692},2013-08-31,CAD,2018-09-01
2015-03-04,{'USD': 0.7990231289},2013-08-31,CAD,2018-09-01
2015-03-05,{'USD': 0.8038489470000001},2013-08-31,CAD,2018-09-01
2015-03-06,{'USD': 0.8022098639},2013-08-31,CAD,2018-09-01
2015-03-09,{'USD': 0.7942079860000001},2013-08-31,CAD,2018-09-01
2015-03-10,{'USD': 0.7915376677},2013-08-31,CAD,2018-09-01
2015-03-11,{'USD': 0.7875223347},2013-08-31,CAD,2018-09-01
2015-03-12,{'USD': 0.7901280524000001},2013-08-31,CAD,2018-09-01
2015-03-13,{'USD': 0.7853216461},2013-08-31,CAD,2018-09-01
2015-03-16,{'USD': 0.7824056918000001},2013-08-31,CAD,2018-09-01
2015-03-17,{'USD': 0.7828487302},2013-08-31,CAD,2018-09-01
2015-03-18,{'USD': 0.7797982773000001},2013-08-31,CAD,2018-09-01
2015-03-19,{'USD': 0.786345559},2013-08-31,CAD,2018-09-01
2015-03-20,{'USD': 0.7891614793},2013-08-31,CAD,2018-09-01
2015-03-23,{'USD': 0.7984195507},2013-08-31,CAD,2018-09-01
2015-03-24,{'USD': 0.8022565756000001},2013-08-31,CAD,2018-09-01
2015-03-25,{'USD': 0.8011815331000001},2013-08-31,CAD,2018-09-01
2015-03-26,{'USD': 0.8037061452},2013-08-31,CAD,2018-09-01
2015-03-27,{'USD': 0.7994108984},2013-08-31,CAD,2018-09-01
2015-03-30,{'USD': 0.7910861478000001},2013-08-31,CAD,2018-09-01
2015-03-31,{'USD': 0.7831562091000001},2013-08-31,CAD,2018-09-01
2015-04-01,{'USD': 0.7889524648},2013-08-31,CAD,2018-09-01
2015-04-02,{'USD': 0.7909150661000001},2013-08-31,CAD,2018-09-01
2015-04-07,{'USD': 0.799749318},2013-08-31,CAD,2018-09-01
2015-04-08,{'USD': 0.8053681323},2013-08-31,CAD,2018-09-01
2015-04-09,{'USD': 0.7984881049},2013-08-31,CAD,2018-09-01
2015-04-10,{'USD': 0.7896309577},2013-08-31,CAD,2018-09-01
2015-04-13,{'USD': 0.7919543681000001},2013-08-31,CAD,2018-09-01
2015-04-14,{'USD': 0.7947637677},2013-08-31,CAD,2018-09-01
2015-04-15,{'USD': 0.7967914439},2013-08-31,CAD,2018-09-01
2015-04-16,{'USD': 0.8126707132000001},2013-08-31,CAD,2018-09-01
2015-04-17,{'USD': 0.8202988698},2013-08-31,CAD,2018-09-01
2015-04-20,{'USD': 0.8161820673},2013-08-31,CAD,2018-09-01
2015-04-21,{'USD': 0.8177302254000001},2013-08-31,CAD,2018-09-01
2015-04-22,{'USD': 0.8168339416},2013-08-31,CAD,2018-09-01
2015-04-23,{'USD': 0.8179195140000001},2013-08-31,CAD,2018-09-01
2015-04-24,{'USD': 0.8251257814},2013-08-31,CAD,2018-09-01
2015-04-27,{'USD': 0.8226529837000001},2013-08-31,CAD,2018-09-01
2015-04-28,{'USD': 0.8285562633},2013-08-31,CAD,2018-09-01
2015-04-29,{'USD': 0.8295882974000001},2013-08-31,CAD,2018-09-01
2015-04-30,{'USD': 0.8319732938000001},2013-08-31,CAD,2018-09-01
2015-05-04,{'USD': 0.8253404381},2013-08-31,CAD,2018-09-01
2015-05-05,{'USD': 0.8271577381},2013-08-31,CAD,2018-09-01
2015-05-06,{'USD': 0.8326536665000001},2013-08-31,CAD,2018-09-01
2015-05-07,{'USD': 0.8285086112000001},2013-08-31,CAD,2018-09-01
2015-05-08,{'USD': 0.8262278183},2013-08-31,CAD,2018-09-01
2015-05-11,{'USD': 0.8255167815000001},2013-08-31,CAD,2018-09-01
2015-05-12,{'USD': 0.8305498079},2013-08-31,CAD,2018-09-01
2015-05-13,{'USD': 0.8351443882},2013-08-31,CAD,2018-09-01
2015-05-14,{'USD': 0.8368633199000001},2013-08-31,CAD,2018-09-01
2015-05-15,{'USD': 0.8307421531},2013-08-31,CAD,2018-09-01
2015-05-18,{'USD': 0.8293162455},2013-08-31,CAD,2018-09-01
2015-05-19,{'USD': 0.8209722426},2013-08-31,CAD,2018-09-01
2015-05-20,{'USD': 0.8188245692},2013-08-31,CAD,2018-09-01
2015-05-21,{'USD': 0.8186029412},2013-08-31,CAD,2018-09-01
2015-05-22,{'USD': 0.8196769457},2013-08-31,CAD,2018-09-01
2015-05-25,{'USD': 0.8134262004},2013-08-31,CAD,2018-09-01
2015-05-26,{'USD': 0.8081360947},2013-08-31,CAD,2018-09-01
2015-05-27,{'USD': 0.8028231468},2013-08-31,CAD,2018-09-01
2015-05-28,{'USD': 0.8015300868},2013-08-31,CAD,2018-09-01
2015-05-29,{'USD': 0.8036630037},2013-08-31,CAD,2018-09-01
2015-06-01,{'USD': 0.8004095663},2013-08-31,CAD,2018-09-01
2015-06-02,{'USD': 0.8001305862},2013-08-31,CAD,2018-09-01
2015-06-03,{'USD': 0.8035508083},2013-08-31,CAD,2018-09-01
2015-06-04,{'USD': 0.8032507630000001},2013-08-31,CAD,2018-09-01
2015-06-05,{'USD': 0.7999714754},2013-08-31,CAD,2018-09-01
2015-06-08,{'USD': 0.8042366165},2013-08-31,CAD,2018-09-01
2015-06-09,{'USD': 0.8099215206},2013-08-31,CAD,2018-09-01
2015-06-10,{'USD': 0.8172596189},2013-08-31,CAD,2018-09-01
2015-06-11,{'USD': 0.8116193367000001},2013-08-31,CAD,2018-09-01
2015-06-12,{'USD': 0.8128078818000001},2013-08-31,CAD,2018-09-01
2015-06-15,{'USD': 0.8102564103000001},2013-08-31,CAD,2018-09-01
2015-06-16,{'USD': 0.8101567579000001},2013-08-31,CAD,2018-09-01
2015-06-17,{'USD': 0.8121984590000001},2013-08-31,CAD,2018-09-01
2015-06-18,{'USD': 0.8223840773000001},2013-08-31,CAD,2018-09-01
2015-06-19,{'USD': 0.814929679},2013-08-31,CAD,2018-09-01
2015-06-22,{'USD': 0.8174220045},2013-08-31,CAD,2018-09-01
2015-06-23,{'USD': 0.8104159132000001},2013-08-31,CAD,2018-09-01
2015-06-24,{'USD': 0.8129485971},2013-08-31,CAD,2018-09-01
2015-06-25,{'USD': 0.8074650526},2013-08-31,CAD,2018-09-01
2015-06-26,{'USD': 0.8087502707},2013-08-31,CAD,2018-09-01
2015-06-29,{'USD': 0.8081445993},2013-08-31,CAD,2018-09-01
2015-06-30,{'USD': 0.8085121757},2013-08-31,CAD,2018-09-01
2015-07-01,{'USD': 0.7984462667000001},2013-08-31,CAD,2018-09-01
2015-07-02,{'USD': 0.7925230968},2013-08-31,CAD,2018-09-01
2015-07-03,{'USD': 0.7947854738},2013-08-31,CAD,2018-09-01
2015-07-06,{'USD': 0.7911456087000001},2013-08-31,CAD,2018-09-01
2015-07-07,{'USD': 0.7849910233},2013-08-31,CAD,2018-09-01
2015-07-08,{'USD': 0.784738041},2013-08-31,CAD,2018-09-01
2015-07-09,{'USD': 0.7883326202000001},2013-08-31,CAD,2018-09-01
2015-07-10,{'USD': 0.7870109766000001},2013-08-31,CAD,2018-09-01
2015-07-13,{'USD': 0.7861259338000001},2013-08-31,CAD,2018-09-01
2015-07-14,{'USD': 0.7836743393000001},2013-08-31,CAD,2018-09-01
2015-07-15,{'USD': 0.7846756949},2013-08-31,CAD,2018-09-01
2015-07-16,{'USD': 0.7723525231},2013-08-31,CAD,2018-09-01
2015-07-17,{'USD': 0.7705208038},2013-08-31,CAD,2018-09-01
2015-07-20,{'USD': 0.7701369669},2013-08-31,CAD,2018-09-01
2015-07-21,{'USD': 0.7697265902},2013-08-31,CAD,2018-09-01
2015-07-22,{'USD': 0.7695348345},2013-08-31,CAD,2018-09-01
2015-07-23,{'USD': 0.7707238456000001},2013-08-31,CAD,2018-09-01
2015-07-24,{'USD': 0.763896648},2013-08-31,CAD,2018-09-01
2015-07-27,{'USD': 0.7674370185},2013-08-31,CAD,2018-09-01
2015-07-28,{'USD': 0.7683997770000001},2013-08-31,CAD,2018-09-01
2015-07-29,{'USD': 0.7719224578},2013-08-31,CAD,2018-09-01
2015-07-30,{'USD': 0.7703938115000001},2013-08-31,CAD,2018-09-01
2015-07-31,{'USD': 0.7663871419},2013-08-31,CAD,2018-09-01
2015-08-03,{'USD': 0.7602749236},2013-08-31,CAD,2018-09-01
2015-08-04,{'USD': 0.7615907829},2013-08-31,CAD,2018-09-01
2015-08-05,{'USD': 0.7592437561000001},2013-08-31,CAD,2018-09-01
2015-08-06,{'USD': 0.759436266},2013-08-31,CAD,2018-09-01
2015-08-07,{'USD': 0.7644099769},2013-08-31,CAD,2018-09-01
2015-08-10,{'USD': 0.7615341857},2013-08-31,CAD,2018-09-01
2015-08-11,{'USD': 0.7648401826},2013-08-31,CAD,2018-09-01
2015-08-12,{'USD': 0.7710651828},2013-08-31,CAD,2018-09-01
2015-08-13,{'USD': 0.7685230024},2013-08-31,CAD,2018-09-01
2015-08-14,{'USD': 0.7666598037},2013-08-31,CAD,2018-09-01
2015-08-17,{'USD': 0.7612646595},2013-08-31,CAD,2018-09-01
2015-08-18,{'USD': 0.7630743756},2013-08-31,CAD,2018-09-01
2015-08-19,{'USD': 0.7650890444},2013-08-31,CAD,2018-09-01
2015-08-20,{'USD': 0.7618366374000001},2013-08-31,CAD,2018-09-01
2015-08-21,{'USD': 0.7628998445},2013-08-31,CAD,2018-09-01
2015-08-24,{'USD': 0.7545943817},2013-08-31,CAD,2018-09-01
2015-08-25,{'USD': 0.7579210856},2013-08-31,CAD,2018-09-01
2015-08-26,{'USD': 0.7538512397},2013-08-31,CAD,2018-09-01
2015-08-27,{'USD': 0.756097561},2013-08-31,CAD,2018-09-01
2015-08-28,{'USD': 0.7535107664},2013-08-31,CAD,2018-09-01
2015-08-31,{'USD': 0.7545582991},2013-08-31,CAD,2018-09-01
2015-09-01,{'USD': 0.7563274098},2013-08-31,CAD,2018-09-01
2015-09-02,{'USD': 0.7544071318000001},2013-08-31,CAD,2018-09-01
2015-09-03,{'USD': 0.7539783791},2013-08-31,CAD,2018-09-01
2015-09-04,{'USD': 0.7558360478},2013-08-31,CAD,2018-09-01
2015-09-07,{'USD': 0.7530063505},2013-08-31,CAD,2018-09-01
2015-09-08,{'USD': 0.7563867995},2013-08-31,CAD,2018-09-01
2015-09-09,{'USD': 0.7548282171},2013-08-31,CAD,2018-09-01
2015-09-10,{'USD': 0.7546215086},2013-08-31,CAD,2018-09-01
2015-09-11,{'USD': 0.7539645366000001},2013-08-31,CAD,2018-09-01
2015-09-14,{'USD': 0.7545217914},2013-08-31,CAD,2018-09-01
2015-09-15,{'USD': 0.7554725040000001},2013-08-31,CAD,2018-09-01
2015-09-16,{'USD': 0.7547220542},2013-08-31,CAD,2018-09-01
2015-09-17,{'USD': 0.7579229481},2013-08-31,CAD,2018-09-01
2015-09-18,{'USD': 0.7676122614},2013-08-31,CAD,2018-09-01
2015-09-21,{'USD': 0.7585462882},2013-08-31,CAD,2018-09-01
2015-09-22,{'USD': 0.7535125642},2013-08-31,CAD,2018-09-01
2015-09-23,{'USD': 0.7538877620000001},2013-08-31,CAD,2018-09-01
2015-09-24,{'USD': 0.7474566128},2013-08-31,CAD,2018-09-01
2015-09-25,{'USD': 0.7511620074},2013-08-31,CAD,2018-09-01
2015-09-28,{'USD': 0.7486093425},2013-08-31,CAD,2018-09-01
2015-09-29,{'USD': 0.7469333333},2013-08-31,CAD,2018-09-01
2015-09-30,{'USD': 0.7451775974},2013-08-31,CAD,2018-09-01
2015-10-01,{'USD': 0.7536320022},2013-08-31,CAD,2018-09-01
2015-10-02,{'USD': 0.7553299492000001},2013-08-31,CAD,2018-09-01
2015-10-05,{'USD': 0.7625381744},2013-08-31,CAD,2018-09-01
2015-10-06,{'USD': 0.7634854772},2013-08-31,CAD,2018-09-01
2015-10-07,{'USD': 0.7690627347000001},2013-08-31,CAD,2018-09-01
2015-10-08,{'USD': 0.7664646189000001},2013-08-31,CAD,2018-09-01
2015-10-09,{'USD': 0.7730303443000001},2013-08-31,CAD,2018-09-01
2015-10-12,{'USD': 0.7735682220000001},2013-08-31,CAD,2018-09-01
2015-10-13,{'USD': 0.7664420485},2013-08-31,CAD,2018-09-01
2015-10-14,{'USD': 0.7701133909000001},2013-08-31,CAD,2018-09-01
2015-10-15,{'USD': 0.775210084},2013-08-31,CAD,2018-09-01
2015-10-16,{'USD': 0.7735784814000001},2013-08-31,CAD,2018-09-01
2015-10-19,{'USD': 0.7724763138},2013-08-31,CAD,2018-09-01
2015-10-20,{'USD': 0.7690695158},2013-08-31,CAD,2018-09-01
2015-10-21,{'USD': 0.7690327824000001},2013-08-31,CAD,2018-09-01
2015-10-22,{'USD': 0.7619721156},2013-08-31,CAD,2018-09-01
2015-10-23,{'USD': 0.7653110543},2013-08-31,CAD,2018-09-01
2015-10-26,{'USD': 0.7603231598},2013-08-31,CAD,2018-09-01
2015-10-27,{'USD': 0.7564628642},2013-08-31,CAD,2018-09-01
2015-10-28,{'USD': 0.7570170047},2013-08-31,CAD,2018-09-01
2015-10-29,{'USD': 0.7584484075},2013-08-31,CAD,2018-09-01
2015-10-30,{'USD': 0.7590079228000001},2013-08-31,CAD,2018-09-01
2015-11-02,{'USD': 0.7634602076},2013-08-31,CAD,2018-09-01
2015-11-03,{'USD': 0.7619047619},2013-08-31,CAD,2018-09-01
2015-11-04,{'USD': 0.7651133501},2013-08-31,CAD,2018-09-01
2015-11-05,{'USD': 0.7599860335},2013-08-31,CAD,2018-09-01
2015-11-06,{'USD': 0.7574954679},2013-08-31,CAD,2018-09-01
2015-11-09,{'USD': 0.7543577179000001},2013-08-31,CAD,2018-09-01
2015-11-10,{'USD': 0.7540833568},2013-08-31,CAD,2018-09-01
2015-11-11,{'USD': 0.7539576444},2013-08-31,CAD,2018-09-01
2015-11-12,{'USD': 0.7504372770000001},2013-08-31,CAD,2018-09-01
2015-11-13,{'USD': 0.7515710096},2013-08-31,CAD,2018-09-01
2015-11-16,{'USD': 0.750227384},2013-08-31,CAD,2018-09-01
2015-11-17,{'USD': 0.7514084507000001},2013-08-31,CAD,2018-09-01
2015-11-18,{'USD': 0.7499121142},2013-08-31,CAD,2018-09-01
2015-11-19,{'USD': 0.7524466662},2013-08-31,CAD,2018-09-01
2015-11-20,{'USD': 0.7511420339},2013-08-31,CAD,2018-09-01
2015-11-23,{'USD': 0.7475038672000001},2013-08-31,CAD,2018-09-01
2015-11-24,{'USD': 0.7485417106000001},2013-08-31,CAD,2018-09-01
2015-11-25,{'USD': 0.7503544088},2013-08-31,CAD,2018-09-01
2015-11-26,{'USD': 0.7516113039000001},2013-08-31,CAD,2018-09-01
2015-11-27,{'USD': 0.7492387225},2013-08-31,CAD,2018-09-01
2015-11-30,{'USD': 0.7480025454},2013-08-31,CAD,2018-09-01
2015-12-01,{'USD': 0.750814563},2013-08-31,CAD,2018-09-01
2015-12-02,{'USD': 0.7471134892},2013-08-31,CAD,2018-09-01
2015-12-03,{'USD': 0.7507915289},2013-08-31,CAD,2018-09-01
2015-12-04,{'USD': 0.7497936726000001},2013-08-31,CAD,2018-09-01
2015-12-07,{'USD': 0.7428865979},2013-08-31,CAD,2018-09-01
2015-12-08,{'USD': 0.735145001},2013-08-31,CAD,2018-09-01
2015-12-09,{'USD': 0.7369165488},2013-08-31,CAD,2018-09-01
2015-12-10,{'USD': 0.7385435648},2013-08-31,CAD,2018-09-01
2015-12-11,{'USD': 0.7318540302000001},2013-08-31,CAD,2018-09-01
2015-12-14,{'USD': 0.7270620945},2013-08-31,CAD,2018-09-01
2015-12-15,{'USD': 0.7293118322000001},2013-08-31,CAD,2018-09-01
2015-12-16,{'USD': 0.7264451827},2013-08-31,CAD,2018-09-01
2015-12-17,{'USD': 0.7229743248},2013-08-31,CAD,2018-09-01
2015-12-18,{'USD': 0.7165244991},2013-08-31,CAD,2018-09-01
2015-12-21,{'USD': 0.7165930516},2013-08-31,CAD,2018-09-01
2015-12-22,{'USD': 0.7185408739},2013-08-31,CAD,2018-09-01
2015-12-23,{'USD': 0.7192936215},2013-08-31,CAD,2018-09-01
2015-12-24,{'USD': 0.7210037542000001},2013-08-31,CAD,2018-09-01
2015-12-28,{'USD': 0.7208522391000001},2013-08-31,CAD,2018-09-01
2015-12-29,{'USD': 0.7185880192},2013-08-31,CAD,2018-09-01
2015-12-30,{'USD': 0.7201898359000001},2013-08-31,CAD,2018-09-01
2015-12-31,{'USD': 0.7202302196},2013-08-31,CAD,2018-09-01
2016-01-04,{'USD': 0.7182968626},2013-08-31,CAD,2018-09-01
2016-01-05,{'USD': 0.7175480769},2013-08-31,CAD,2018-09-01
2016-01-06,{'USD': 0.7096518465},2013-08-31,CAD,2018-09-01
2016-01-07,{'USD': 0.7075520833000001},2013-08-31,CAD,2018-09-01
2016-01-08,{'USD': 0.7088962861},2013-08-31,CAD,2018-09-01
2016-01-11,{'USD': 0.7099634846},2013-08-31,CAD,2018-09-01
2016-01-12,{'USD': 0.7050097593},2013-08-31,CAD,2018-09-01
2016-01-13,{'USD': 0.7032052532},2013-08-31,CAD,2018-09-01
2016-01-14,{'USD': 0.6961717901000001},2013-08-31,CAD,2018-09-01
2016-01-15,{'USD': 0.6886238879000001},2013-08-31,CAD,2018-09-01
2016-01-18,{'USD': 0.6893670886000001},2013-08-31,CAD,2018-09-01
2016-01-19,{'USD': 0.6900317460000001},2013-08-31,CAD,2018-09-01
2016-01-20,{'USD': 0.6831819605},2013-08-31,CAD,2018-09-01
2016-01-21,{'USD': 0.6916190476},2013-08-31,CAD,2018-09-01
2016-01-22,{'USD': 0.7056672761},2013-08-31,CAD,2018-09-01
2016-01-25,{'USD': 0.7045143639},2013-08-31,CAD,2018-09-01
2016-01-26,{'USD': 0.7031990137},2013-08-31,CAD,2018-09-01
2016-01-27,{'USD': 0.7101950297},2013-08-31,CAD,2018-09-01
2016-01-28,{'USD': 0.7099693951},2013-08-31,CAD,2018-09-01
2016-01-29,{'USD': 0.7107986721},2013-08-31,CAD,2018-09-01
2016-02-01,{'USD': 0.7135645447000001},2013-08-31,CAD,2018-09-01
2016-02-02,{'USD': 0.7140334816},2013-08-31,CAD,2018-09-01
2016-02-03,{'USD': 0.7176709991},2013-08-31,CAD,2018-09-01
2016-02-04,{'USD': 0.7292724196},2013-08-31,CAD,2018-09-01
2016-02-05,{'USD': 0.7272137107000001},2013-08-31,CAD,2018-09-01
2016-02-08,{'USD': 0.7167947311},2013-08-31,CAD,2018-09-01
2016-02-09,{'USD': 0.7191960571},2013-08-31,CAD,2018-09-01
2016-02-10,{'USD': 0.7215563105},2013-08-31,CAD,2018-09-01
2016-02-11,{'USD': 0.7162605732},2013-08-31,CAD,2018-09-01
2016-02-12,{'USD': 0.7182443623},2013-08-31,CAD,2018-09-01
2016-02-15,{'USD': 0.7234372978},2013-08-31,CAD,2018-09-01
2016-02-16,{'USD': 0.7236552171},2013-08-31,CAD,2018-09-01
2016-02-17,{'USD': 0.7237278222},2013-08-31,CAD,2018-09-01
2016-02-18,{'USD': 0.7307489451},2013-08-31,CAD,2018-09-01
2016-02-19,{'USD': 0.7264632709000001},2013-08-31,CAD,2018-09-01
2016-02-22,{'USD': 0.7288471708},2013-08-31,CAD,2018-09-01
2016-02-23,{'USD': 0.7278380524},2013-08-31,CAD,2018-09-01
2016-02-24,{'USD': 0.7225768244},2013-08-31,CAD,2018-09-01
2016-02-25,{'USD': 0.7339101498},2013-08-31,CAD,2018-09-01
2016-02-26,{'USD': 0.7382118184},2013-08-31,CAD,2018-09-01
2016-02-29,{'USD': 0.7373196993000001},2013-08-31,CAD,2018-09-01
2016-03-01,{'USD': 0.7396421525},2013-08-31,CAD,2018-09-01
2016-03-02,{'USD': 0.7438163755},2013-08-31,CAD,2018-09-01
2016-03-03,{'USD': 0.744400437},2013-08-31,CAD,2018-09-01
2016-03-04,{'USD': 0.7453964803},2013-08-31,CAD,2018-09-01
2016-03-07,{'USD': 0.7475429975},2013-08-31,CAD,2018-09-01
2016-03-08,{'USD': 0.7504593399},2013-08-31,CAD,2018-09-01
2016-03-09,{'USD': 0.7462087725000001},2013-08-31,CAD,2018-09-01
2016-03-10,{'USD': 0.752703827},2013-08-31,CAD,2018-09-01
2016-03-11,{'USD': 0.7545244251000001},2013-08-31,CAD,2018-09-01
2016-03-14,{'USD': 0.7544954875000001},2013-08-31,CAD,2018-09-01
2016-03-15,{'USD': 0.7489886731000001},2013-08-31,CAD,2018-09-01
2016-03-16,{'USD': 0.7476686039},2013-08-31,CAD,2018-09-01
2016-03-17,{'USD': 0.7694034419},2013-08-31,CAD,2018-09-01
2016-03-18,{'USD': 0.7711082245},2013-08-31,CAD,2018-09-01
2016-03-21,{'USD': 0.7665782493000001},2013-08-31,CAD,2018-09-01
2016-03-22,{'USD': 0.7638122488},2013-08-31,CAD,2018-09-01
2016-03-23,{'USD': 0.761174707},2013-08-31,CAD,2018-09-01
2016-03-24,{'USD': 0.7525807975000001},2013-08-31,CAD,2018-09-01
2016-03-29,{'USD': 0.7593786039},2013-08-31,CAD,2018-09-01
2016-03-30,{'USD': 0.7674686547},2013-08-31,CAD,2018-09-01
2016-03-31,{'USD': 0.7724928756},2013-08-31,CAD,2018-09-01
2016-04-01,{'USD': 0.7675574057},2013-08-31,CAD,2018-09-01
2016-04-04,{'USD': 0.7672599784},2013-08-31,CAD,2018-09-01
2016-04-05,{'USD': 0.7594200962000001},2013-08-31,CAD,2018-09-01
2016-04-06,{'USD': 0.760193133},2013-08-31,CAD,2018-09-01
2016-04-07,{'USD': 0.7623775661000001},2013-08-31,CAD,2018-09-01
2016-04-08,{'USD': 0.7646188009},2013-08-31,CAD,2018-09-01
2016-04-11,{'USD': 0.7699067189000001},2013-08-31,CAD,2018-09-01
2016-04-12,{'USD': 0.7766116942},2013-08-31,CAD,2018-09-01
2016-04-13,{'USD': 0.7810037329},2013-08-31,CAD,2018-09-01
2016-04-14,{'USD': 0.7795482888},2013-08-31,CAD,2018-09-01
2016-04-15,{'USD': 0.7763329893},2013-08-31,CAD,2018-09-01
2016-04-18,{'USD': 0.7737476047},2013-08-31,CAD,2018-09-01
2016-04-19,{'USD': 0.7867249272},2013-08-31,CAD,2018-09-01
2016-04-20,{'USD': 0.7890576243},2013-08-31,CAD,2018-09-01
2016-04-21,{'USD': 0.7915098285000001},2013-08-31,CAD,2018-09-01
2016-04-22,{'USD': 0.7853158555},2013-08-31,CAD,2018-09-01
2016-04-25,{'USD': 0.7884642307},2013-08-31,CAD,2018-09-01
2016-04-26,{'USD': 0.7906276268},2013-08-31,CAD,2018-09-01
2016-04-27,{'USD': 0.7946987274},2013-08-31,CAD,2018-09-01
2016-04-28,{'USD': 0.7963819941},2013-08-31,CAD,2018-09-01
2016-04-29,{'USD': 0.7981940361000001},2013-08-31,CAD,2018-09-01
2016-05-02,{'USD': 0.7987906589},2013-08-31,CAD,2018-09-01
2016-05-03,{'USD': 0.794628752},2013-08-31,CAD,2018-09-01
2016-05-04,{'USD': 0.7842535787},2013-08-31,CAD,2018-09-01
2016-05-05,{'USD': 0.7800204569},2013-08-31,CAD,2018-09-01
2016-05-06,{'USD': 0.7764490046},2013-08-31,CAD,2018-09-01
2016-05-09,{'USD': 0.7729091772000001},2013-08-31,CAD,2018-09-01
2016-05-10,{'USD': 0.7715002713},2013-08-31,CAD,2018-09-01
2016-05-11,{'USD': 0.7768623179},2013-08-31,CAD,2018-09-01
2016-05-12,{'USD': 0.7803892010000001},2013-08-31,CAD,2018-09-01
2016-05-13,{'USD': 0.7762500855000001},2013-08-31,CAD,2018-09-01
2016-05-16,{'USD': 0.7738144048000001},2013-08-31,CAD,2018-09-01
2016-05-17,{'USD': 0.7735629827},2013-08-31,CAD,2018-09-01
2016-05-18,{'USD': 0.7705814033},2013-08-31,CAD,2018-09-01
2016-05-19,{'USD': 0.7627903808000001},2013-08-31,CAD,2018-09-01
2016-05-20,{'USD': 0.7629896627},2013-08-31,CAD,2018-09-01
2016-05-23,{'USD': 0.7605968125},2013-08-31,CAD,2018-09-01
2016-05-24,{'USD': 0.7605557069000001},2013-08-31,CAD,2018-09-01
2016-05-25,{'USD': 0.7630065717000001},2013-08-31,CAD,2018-09-01
2016-05-26,{'USD': 0.7732465554},2013-08-31,CAD,2018-09-01
2016-05-27,{'USD': 0.767032967},2013-08-31,CAD,2018-09-01
2016-05-30,{'USD': 0.7669374828000001},2013-08-31,CAD,2018-09-01
2016-05-31,{'USD': 0.7676531315},2013-08-31,CAD,2018-09-01
2016-06-01,{'USD': 0.7660770602},2013-08-31,CAD,2018-09-01
2016-06-02,{'USD': 0.7630609739},2013-08-31,CAD,2018-09-01
2016-06-03,{'USD': 0.7642866932},2013-08-31,CAD,2018-09-01
2016-06-06,{'USD': 0.7738833958},2013-08-31,CAD,2018-09-01
2016-06-07,{'USD': 0.7823509135000001},2013-08-31,CAD,2018-09-01
2016-06-08,{'USD': 0.7884961885},2013-08-31,CAD,2018-09-01
2016-06-09,{'USD': 0.7844940867},2013-08-31,CAD,2018-09-01
2016-06-10,{'USD': 0.7844552394000001},2013-08-31,CAD,2018-09-01
2016-06-13,{'USD': 0.7830437804},2013-08-31,CAD,2018-09-01
2016-06-14,{'USD': 0.7768703717000001},2013-08-31,CAD,2018-09-01
2016-06-15,{'USD': 0.7778085607},2013-08-31,CAD,2018-09-01
2016-06-16,{'USD': 0.7690295939},2013-08-31,CAD,2018-09-01
2016-06-17,{'USD': 0.7751222536},2013-08-31,CAD,2018-09-01
2016-06-20,{'USD': 0.7804407713},2013-08-31,CAD,2018-09-01
2016-06-21,{'USD': 0.7829215971},2013-08-31,CAD,2018-09-01
2016-06-22,{'USD': 0.7835960831000001},2013-08-31,CAD,2018-09-01
2016-06-23,{'USD': 0.7845284838000001},2013-08-31,CAD,2018-09-01
2016-06-24,{'USD': 0.7688993885000001},2013-08-31,CAD,2018-09-01
2016-06-27,{'USD': 0.7664111498},2013-08-31,CAD,2018-09-01
2016-06-28,{'USD': 0.7669344785000001},2013-08-31,CAD,2018-09-01
2016-06-29,{'USD': 0.7697646977},2013-08-31,CAD,2018-09-01
2016-06-30,{'USD': 0.7718298109},2013-08-31,CAD,2018-09-01
2016-07-01,{'USD': 0.7738012509000001},2013-08-31,CAD,2018-09-01
2016-07-04,{'USD': 0.7773590173},2013-08-31,CAD,2018-09-01
2016-07-05,{'USD': 0.773061451},2013-08-31,CAD,2018-09-01
2016-07-06,{'USD': 0.7676676607},2013-08-31,CAD,2018-09-01
2016-07-07,{'USD': 0.7733109994},2013-08-31,CAD,2018-09-01
2016-07-08,{'USD': 0.7684298209},2013-08-31,CAD,2018-09-01
2016-07-11,{'USD': 0.7653252061},2013-08-31,CAD,2018-09-01
2016-07-12,{'USD': 0.7675062275000001},2013-08-31,CAD,2018-09-01
2016-07-13,{'USD': 0.766122336},2013-08-31,CAD,2018-09-01
2016-07-14,{'USD': 0.7736097629},2013-08-31,CAD,2018-09-01
2016-07-15,{'USD': 0.7772578054},2013-08-31,CAD,2018-09-01
2016-07-18,{'USD': 0.7721271394},2013-08-31,CAD,2018-09-01
2016-07-19,{'USD': 0.7682400446000001},2013-08-31,CAD,2018-09-01
2016-07-20,{'USD': 0.7657488527},2013-08-31,CAD,2018-09-01
2016-07-21,{'USD': 0.7662075682},2013-08-31,CAD,2018-09-01
2016-07-22,{'USD': 0.7629537268000001},2013-08-31,CAD,2018-09-01
2016-07-25,{'USD': 0.7592118908000001},2013-08-31,CAD,2018-09-01
2016-07-26,{'USD': 0.7556517557},2013-08-31,CAD,2018-09-01
2016-07-27,{'USD': 0.75815686},2013-08-31,CAD,2018-09-01
2016-07-28,{'USD': 0.7598492634},2013-08-31,CAD,2018-09-01
2016-07-29,{'USD': 0.7589291812000001},2013-08-31,CAD,2018-09-01
2016-08-01,{'USD': 0.7653390005},2013-08-31,CAD,2018-09-01
2016-08-02,{'USD': 0.7662239869},2013-08-31,CAD,2018-09-01
2016-08-03,{'USD': 0.7633587786},2013-08-31,CAD,2018-09-01
2016-08-04,{'USD': 0.7660979637},2013-08-31,CAD,2018-09-01
2016-08-05,{'USD': 0.7678436231},2013-08-31,CAD,2018-09-01
2016-08-08,{'USD': 0.7607905030000001},2013-08-31,CAD,2018-09-01
2016-08-09,{'USD': 0.7604860301},2013-08-31,CAD,2018-09-01
2016-08-10,{'USD': 0.7682901697000001},2013-08-31,CAD,2018-09-01
2016-08-11,{'USD': 0.7660553609},2013-08-31,CAD,2018-09-01
2016-08-12,{'USD': 0.7706865589},2013-08-31,CAD,2018-09-01
2016-08-15,{'USD': 0.7739166551000001},2013-08-31,CAD,2018-09-01
2016-08-16,{'USD': 0.7802030807},2013-08-31,CAD,2018-09-01
2016-08-17,{'USD': 0.7761029665},2013-08-31,CAD,2018-09-01
2016-08-18,{'USD': 0.7794684660000001},2013-08-31,CAD,2018-09-01
2016-08-19,{'USD': 0.7785797759},2013-08-31,CAD,2018-09-01
2016-08-22,{'USD': 0.7742774962000001},2013-08-31,CAD,2018-09-01
2016-08-23,{'USD': 0.7753162393},2013-08-31,CAD,2018-09-01
2016-08-24,{'USD': 0.7727865030000001},2013-08-31,CAD,2018-09-01
2016-08-25,{'USD': 0.7734465986},2013-08-31,CAD,2018-09-01
2016-08-26,{'USD': 0.7761583941},2013-08-31,CAD,2018-09-01
2016-08-29,{'USD': 0.768436984},2013-08-31,CAD,2018-09-01
2016-08-30,{'USD': 0.7669276198},2013-08-31,CAD,2018-09-01
2016-08-31,{'USD': 0.763354591},2013-08-31,CAD,2018-09-01
2016-09-01,{'USD': 0.7616509498},2013-08-31,CAD,2018-09-01
2016-09-02,{'USD': 0.7643925425},2013-08-31,CAD,2018-09-01
2016-09-05,{'USD': 0.7727902466000001},2013-08-31,CAD,2018-09-01
2016-09-06,{'USD': 0.7746615758000001},2013-08-31,CAD,2018-09-01
2016-09-07,{'USD': 0.7779700914000001},2013-08-31,CAD,2018-09-01
2016-09-08,{'USD': 0.7765708786000001},2013-08-31,CAD,2018-09-01
2016-09-09,{'USD': 0.7717808219000001},2013-08-31,CAD,2018-09-01
2016-09-12,{'USD': 0.7625322646},2013-08-31,CAD,2018-09-01
2016-09-13,{'USD': 0.7628187737000001},2013-08-31,CAD,2018-09-01
2016-09-14,{'USD': 0.7580241908},2013-08-31,CAD,2018-09-01
2016-09-15,{'USD': 0.7588159935000001},2013-08-31,CAD,2018-09-01
2016-09-16,{'USD': 0.7576432476},2013-08-31,CAD,2018-09-01
2016-09-19,{'USD': 0.7603514029},2013-08-31,CAD,2018-09-01
2016-09-20,{'USD': 0.7560843699},2013-08-31,CAD,2018-09-01
2016-09-21,{'USD': 0.760936327},2013-08-31,CAD,2018-09-01
2016-09-22,{'USD': 0.7685153525},2013-08-31,CAD,2018-09-01
2016-09-23,{'USD': 0.7667692308},2013-08-31,CAD,2018-09-01
2016-09-26,{'USD': 0.7596627319},2013-08-31,CAD,2018-09-01
2016-09-27,{'USD': 0.7543871445},2013-08-31,CAD,2018-09-01
2016-09-28,{'USD': 0.7569627082},2013-08-31,CAD,2018-09-01
2016-09-29,{'USD': 0.7642171218},2013-08-31,CAD,2018-09-01
2016-09-30,{'USD': 0.75976855},2013-08-31,CAD,2018-09-01
2016-10-03,{'USD': 0.7642497619},2013-08-31,CAD,2018-09-01
2016-10-04,{'USD': 0.7594066816},2013-08-31,CAD,2018-09-01
2016-10-05,{'USD': 0.7566819654},2013-08-31,CAD,2018-09-01
2016-10-06,{'USD': 0.7573295416},2013-08-31,CAD,2018-09-01
2016-10-07,{'USD': 0.753517316},2013-08-31,CAD,2018-09-01
2016-10-10,{'USD': 0.7545638945},2013-08-31,CAD,2018-09-01
2016-10-11,{'USD': 0.7560909029},2013-08-31,CAD,2018-09-01
2016-10-12,{'USD': 0.7548979312},2013-08-31,CAD,2018-09-01
2016-10-13,{'USD': 0.7549931601000001},2013-08-31,CAD,2018-09-01
2016-10-14,{'USD': 0.7595443562},2013-08-31,CAD,2018-09-01
2016-10-17,{'USD': 0.7617265988},2013-08-31,CAD,2018-09-01
2016-10-18,{'USD': 0.7643582256},2013-08-31,CAD,2018-09-01
2016-10-19,{'USD': 0.7645010793},2013-08-31,CAD,2018-09-01
2016-10-20,{'USD': 0.7593360996},2013-08-31,CAD,2018-09-01
2016-10-21,{'USD': 0.7559197278},2013-08-31,CAD,2018-09-01
2016-10-24,{'USD': 0.7486767031},2013-08-31,CAD,2018-09-01
2016-10-25,{'USD': 0.7509324492},2013-08-31,CAD,2018-09-01
2016-10-26,{'USD': 0.7481851801},2013-08-31,CAD,2018-09-01
2016-10-27,{'USD': 0.7481684355},2013-08-31,CAD,2018-09-01
2016-10-28,{'USD': 0.7469055597},2013-08-31,CAD,2018-09-01
2016-10-31,{'USD': 0.7464030003000001},2013-08-31,CAD,2018-09-01
2016-11-01,{'USD': 0.7484725051000001},2013-08-31,CAD,2018-09-01
2016-11-02,{'USD': 0.7476415094000001},2013-08-31,CAD,2018-09-01
2016-11-03,{'USD': 0.7468610774000001},2013-08-31,CAD,2018-09-01
2016-11-04,{'USD': 0.7444466814},2013-08-31,CAD,2018-09-01
2016-11-07,{'USD': 0.7467764801},2013-08-31,CAD,2018-09-01
2016-11-08,{'USD': 0.7480346978},2013-08-31,CAD,2018-09-01
2016-11-09,{'USD': 0.7448303825},2013-08-31,CAD,2018-09-01
2016-11-10,{'USD': 0.7417114848},2013-08-31,CAD,2018-09-01
2016-11-11,{'USD': 0.7412140575},2013-08-31,CAD,2018-09-01
2016-11-14,{'USD': 0.7386566141},2013-08-31,CAD,2018-09-01
2016-11-15,{'USD': 0.7393543956},2013-08-31,CAD,2018-09-01
2016-11-16,{'USD': 0.7419064125},2013-08-31,CAD,2018-09-01
2016-11-17,{'USD': 0.7448050594000001},2013-08-31,CAD,2018-09-01
2016-11-18,{'USD': 0.7399234250000001},2013-08-31,CAD,2018-09-01
2016-11-21,{'USD': 0.7430109030000001},2013-08-31,CAD,2018-09-01
2016-11-22,{'USD': 0.7460997892},2013-08-31,CAD,2018-09-01
2016-11-23,{'USD': 0.7434782609},2013-08-31,CAD,2018-09-01
2016-11-24,{'USD': 0.7411467116},2013-08-31,CAD,2018-09-01
2016-11-25,{'USD': 0.7412176347},2013-08-31,CAD,2018-09-01
2016-11-28,{'USD': 0.7434349108},2013-08-31,CAD,2018-09-01
2016-11-29,{'USD': 0.7431141091},2013-08-31,CAD,2018-09-01
2016-11-30,{'USD': 0.7472071945000001},2013-08-31,CAD,2018-09-01
2016-12-01,{'USD': 0.7462780899},2013-08-31,CAD,2018-09-01
2016-12-02,{'USD': 0.7517129335},2013-08-31,CAD,2018-09-01
2016-12-05,{'USD': 0.7515449438},2013-08-31,CAD,2018-09-01
2016-12-06,{'USD': 0.75368628},2013-08-31,CAD,2018-09-01
2016-12-07,{'USD': 0.7534054206},2013-08-31,CAD,2018-09-01
2016-12-08,{'USD': 0.7567149487},2013-08-31,CAD,2018-09-01
2016-12-09,{'USD': 0.7588759523},2013-08-31,CAD,2018-09-01
2016-12-12,{'USD': 0.7613162811},2013-08-31,CAD,2018-09-01
2016-12-13,{'USD': 0.7621578910000001},2013-08-31,CAD,2018-09-01
2016-12-14,{'USD': 0.7624095695},2013-08-31,CAD,2018-09-01
2016-12-15,{'USD': 0.7494605093000001},2013-08-31,CAD,2018-09-01
2016-12-16,{'USD': 0.7477793696},2013-08-31,CAD,2018-09-01
2016-12-19,{'USD': 0.7472574747},2013-08-31,CAD,2018-09-01
2016-12-20,{'USD': 0.745826137},2013-08-31,CAD,2018-09-01
2016-12-21,{'USD': 0.7479902383},2013-08-31,CAD,2018-09-01
2016-12-22,{'USD': 0.7424996445000001},2013-08-31,CAD,2018-09-01
2016-12-23,{'USD': 0.7399589148},2013-08-31,CAD,2018-09-01
2016-12-27,{'USD': 0.738893605},2013-08-31,CAD,2018-09-01
2016-12-28,{'USD': 0.7366669028},2013-08-31,CAD,2018-09-01
2016-12-29,{'USD': 0.7385191465000001},2013-08-31,CAD,2018-09-01
2016-12-30,{'USD': 0.7429517902},2013-08-31,CAD,2018-09-01
2017-01-02,{'USD': 0.7437810945000001},2013-08-31,CAD,2018-09-01
2017-01-03,{'USD': 0.7438046125000001},2013-08-31,CAD,2018-09-01
2017-01-04,{'USD': 0.751187563},2013-08-31,CAD,2018-09-01
2017-01-05,{'USD': 0.7518974653},2013-08-31,CAD,2018-09-01
2017-01-06,{'USD': 0.7542560011},2013-08-31,CAD,2018-09-01
2017-01-09,{'USD': 0.7536190340000001},2013-08-31,CAD,2018-09-01
2017-01-10,{'USD': 0.755217267},2013-08-31,CAD,2018-09-01
2017-01-11,{'USD': 0.7545800704000001},2013-08-31,CAD,2018-09-01
2017-01-12,{'USD': 0.7658491107000001},2013-08-31,CAD,2018-09-01
2017-01-13,{'USD': 0.7609564597},2013-08-31,CAD,2018-09-01
2017-01-16,{'USD': 0.7606806922},2013-08-31,CAD,2018-09-01
2017-01-17,{'USD': 0.7657134666000001},2013-08-31,CAD,2018-09-01
2017-01-18,{'USD': 0.7624767625000001},2013-08-31,CAD,2018-09-01
2017-01-19,{'USD': 0.7529112852000001},2013-08-31,CAD,2018-09-01
2017-01-20,{'USD': 0.7478370964000001},2013-08-31,CAD,2018-09-01
2017-01-23,{'USD': 0.7510864994},2013-08-31,CAD,2018-09-01
2017-01-24,{'USD': 0.7533468844},2013-08-31,CAD,2018-09-01
2017-01-25,{'USD': 0.7635394456},2013-08-31,CAD,2018-09-01
2017-01-26,{'USD': 0.7616742597},2013-08-31,CAD,2018-09-01
2017-01-27,{'USD': 0.7622751927},2013-08-31,CAD,2018-09-01
2017-01-30,{'USD': 0.7602088250000001},2013-08-31,CAD,2018-09-01
2017-01-31,{'USD': 0.7651536710000001},2013-08-31,CAD,2018-09-01
2017-02-01,{'USD': 0.7654110804},2013-08-31,CAD,2018-09-01
2017-02-02,{'USD': 0.769252669},2013-08-31,CAD,2018-09-01
2017-02-03,{'USD': 0.7659559295},2013-08-31,CAD,2018-09-01
2017-02-06,{'USD': 0.7658540073},2013-08-31,CAD,2018-09-01
2017-02-07,{'USD': 0.7585986356000001},2013-08-31,CAD,2018-09-01
2017-02-08,{'USD': 0.7606990014},2013-08-31,CAD,2018-09-01
2017-02-09,{'USD': 0.7628424658},2013-08-31,CAD,2018-09-01
2017-02-10,{'USD': 0.7611170784},2013-08-31,CAD,2018-09-01
2017-02-13,{'USD': 0.7637421858},2013-08-31,CAD,2018-09-01
2017-02-14,{'USD': 0.7674469007},2013-08-31,CAD,2018-09-01
2017-02-15,{'USD': 0.7643565790000001},2013-08-31,CAD,2018-09-01
2017-02-16,{'USD': 0.7682654165},2013-08-31,CAD,2018-09-01
2017-02-17,{'USD': 0.7645918587},2013-08-31,CAD,2018-09-01
2017-02-20,{'USD': 0.7627532691000001},2013-08-31,CAD,2018-09-01
2017-02-21,{'USD': 0.7613439306},2013-08-31,CAD,2018-09-01
2017-02-22,{'USD': 0.7593903496000001},2013-08-31,CAD,2018-09-01
2017-02-23,{'USD': 0.7624026536},2013-08-31,CAD,2018-09-01
2017-02-24,{'USD': 0.7628532394},2013-08-31,CAD,2018-09-01
2017-02-27,{'USD': 0.7622579019},2013-08-31,CAD,2018-09-01
2017-02-28,{'USD': 0.7577946224000001},2013-08-31,CAD,2018-09-01
2017-03-01,{'USD': 0.75},2013-08-31,CAD,2018-09-01
2017-03-02,{'USD': 0.7473167958},2013-08-31,CAD,2018-09-01
2017-03-03,{'USD': 0.7460631311},2013-08-31,CAD,2018-09-01
2017-03-06,{'USD': 0.7468095607},2013-08-31,CAD,2018-09-01
2017-03-07,{'USD': 0.745261081},2013-08-31,CAD,2018-09-01
2017-03-08,{'USD': 0.7437469175},2013-08-31,CAD,2018-09-01
2017-03-09,{'USD': 0.7392797085},2013-08-31,CAD,2018-09-01
2017-03-10,{'USD': 0.7405390309000001},2013-08-31,CAD,2018-09-01
2017-03-13,{'USD': 0.7430662021000001},2013-08-31,CAD,2018-09-01
2017-03-14,{'USD': 0.7414562701},2013-08-31,CAD,2018-09-01
2017-03-15,{'USD': 0.7432649920000001},2013-08-31,CAD,2018-09-01
2017-03-16,{'USD': 0.7512782798000001},2013-08-31,CAD,2018-09-01
2017-03-17,{'USD': 0.7510492445},2013-08-31,CAD,2018-09-01
2017-03-20,{'USD': 0.7487986629000001},2013-08-31,CAD,2018-09-01
2017-03-21,{'USD': 0.7528050735},2013-08-31,CAD,2018-09-01
2017-03-22,{'USD': 0.7474754461},2013-08-31,CAD,2018-09-01
2017-03-23,{'USD': 0.7497045944},2013-08-31,CAD,2018-09-01
2017-03-24,{'USD': 0.7478543743},2013-08-31,CAD,2018-09-01
2017-03-27,{'USD': 0.7491056687000001},2013-08-31,CAD,2018-09-01
2017-03-28,{'USD': 0.7465282552},2013-08-31,CAD,2018-09-01
2017-03-29,{'USD': 0.7474269819},2013-08-31,CAD,2018-09-01
2017-03-30,{'USD': 0.7497905028},2013-08-31,CAD,2018-09-01
2017-03-31,{'USD': 0.7494567122},2013-08-31,CAD,2018-09-01
2017-04-03,{'USD': 0.7492445007},2013-08-31,CAD,2018-09-01
2017-04-04,{'USD': 0.7437849162},2013-08-31,CAD,2018-09-01
2017-04-05,{'USD': 0.7471835421},2013-08-31,CAD,2018-09-01
2017-04-06,{'USD': 0.7447283899},2013-08-31,CAD,2018-09-01
2017-04-07,{'USD': 0.745650954},2013-08-31,CAD,2018-09-01
2017-04-10,{'USD': 0.7472977746},2013-08-31,CAD,2018-09-01
2017-04-11,{'USD': 0.7508310347},2013-08-31,CAD,2018-09-01
2017-04-12,{'USD': 0.7513816069},2013-08-31,CAD,2018-09-01
2017-04-13,{'USD': 0.7555618736},2013-08-31,CAD,2018-09-01
2017-04-18,{'USD': 0.7484060814},2013-08-31,CAD,2018-09-01
2017-04-19,{'USD': 0.7440166493},2013-08-31,CAD,2018-09-01
2017-04-20,{'USD': 0.7413412447000001},2013-08-31,CAD,2018-09-01
2017-04-21,{'USD': 0.7422465829},2013-08-31,CAD,2018-09-01
2017-04-24,{'USD': 0.7445435827},2013-08-31,CAD,2018-09-01
2017-04-25,{'USD': 0.7363759297},2013-08-31,CAD,2018-09-01
2017-04-26,{'USD': 0.7364115738},2013-08-31,CAD,2018-09-01
2017-04-27,{'USD': 0.7360481634},2013-08-31,CAD,2018-09-01
2017-04-28,{'USD': 0.7328684458},2013-08-31,CAD,2018-09-01
2017-05-02,{'USD': 0.7311763130000001},2013-08-31,CAD,2018-09-01
2017-05-03,{'USD': 0.728418946},2013-08-31,CAD,2018-09-01
2017-05-04,{'USD': 0.7279813458000001},2013-08-31,CAD,2018-09-01
2017-05-05,{'USD': 0.7261825891},2013-08-31,CAD,2018-09-01
2017-05-08,{'USD': 0.7298812225},2013-08-31,CAD,2018-09-01
2017-05-09,{'USD': 0.729709805},2013-08-31,CAD,2018-09-01
2017-05-10,{'USD': 0.7300905736000001},2013-08-31,CAD,2018-09-01
2017-05-11,{'USD': 0.7285656783000001},2013-08-31,CAD,2018-09-01
2017-05-12,{'USD': 0.7279298574},2013-08-31,CAD,2018-09-01
2017-05-15,{'USD': 0.7348469627},2013-08-31,CAD,2018-09-01
2017-05-16,{'USD': 0.7344268827},2013-08-31,CAD,2018-09-01
2017-05-17,{'USD': 0.7344741015},2013-08-31,CAD,2018-09-01
2017-05-18,{'USD': 0.732990845},2013-08-31,CAD,2018-09-01
2017-05-19,{'USD': 0.7369635441},2013-08-31,CAD,2018-09-01
2017-05-22,{'USD': 0.7409384473},2013-08-31,CAD,2018-09-01
2017-05-23,{'USD': 0.7425185381},2013-08-31,CAD,2018-09-01
2017-05-24,{'USD': 0.7408167317000001},2013-08-31,CAD,2018-09-01
2017-05-25,{'USD': 0.7444732125},2013-08-31,CAD,2018-09-01
2017-05-26,{'USD': 0.742588048},2013-08-31,CAD,2018-09-01
2017-05-29,{'USD': 0.7432405501},2013-08-31,CAD,2018-09-01
2017-05-30,{'USD': 0.7424906964},2013-08-31,CAD,2018-09-01
2017-05-31,{'USD': 0.7427190892000001},2013-08-31,CAD,2018-09-01
2017-06-01,{'USD': 0.7402837347},2013-08-31,CAD,2018-09-01
2017-06-02,{'USD': 0.7394686532},2013-08-31,CAD,2018-09-01
2017-06-05,{'USD': 0.7413338606000001},2013-08-31,CAD,2018-09-01
2017-06-06,{'USD': 0.7421226104},2013-08-31,CAD,2018-09-01
2017-06-07,{'USD': 0.7435863441},2013-08-31,CAD,2018-09-01
2017-06-08,{'USD': 0.7399670511},2013-08-31,CAD,2018-09-01
2017-06-09,{'USD': 0.7402304941000001},2013-08-31,CAD,2018-09-01
2017-06-12,{'USD': 0.7441968431},2013-08-31,CAD,2018-09-01
2017-06-13,{'USD': 0.7532232071},2013-08-31,CAD,2018-09-01
2017-06-14,{'USD': 0.7571640984},2013-08-31,CAD,2018-09-01
2017-06-15,{'USD': 0.753136382},2013-08-31,CAD,2018-09-01
2017-06-16,{'USD': 0.7562643912},2013-08-31,CAD,2018-09-01
2017-06-19,{'USD': 0.7553112565},2013-08-31,CAD,2018-09-01
2017-06-20,{'USD': 0.7531731029000001},2013-08-31,CAD,2018-09-01
2017-06-21,{'USD': 0.7530230359000001},2013-08-31,CAD,2018-09-01
2017-06-22,{'USD': 0.7519692991},2013-08-31,CAD,2018-09-01
2017-06-23,{'USD': 0.7558005817},2013-08-31,CAD,2018-09-01
2017-06-26,{'USD': 0.7552660005},2013-08-31,CAD,2018-09-01
2017-06-27,{'USD': 0.7571668345},2013-08-31,CAD,2018-09-01
2017-06-28,{'USD': 0.7640381515},2013-08-31,CAD,2018-09-01
2017-06-29,{'USD': 0.7676733706000001},2013-08-31,CAD,2018-09-01
2017-06-30,{'USD': 0.771863375},2013-08-31,CAD,2018-09-01
2017-07-03,{'USD': 0.7705184683},2013-08-31,CAD,2018-09-01
2017-07-04,{'USD': 0.7707399864000001},2013-08-31,CAD,2018-09-01
2017-07-05,{'USD': 0.7716251192},2013-08-31,CAD,2018-09-01
2017-07-06,{'USD': 0.7730173819},2013-08-31,CAD,2018-09-01
2017-07-07,{'USD': 0.7707686073000001},2013-08-31,CAD,2018-09-01
2017-07-10,{'USD': 0.7744677957},2013-08-31,CAD,2018-09-01
2017-07-11,{'USD': 0.7749014812},2013-08-31,CAD,2018-09-01
2017-07-12,{'USD': 0.7731631551},2013-08-31,CAD,2018-09-01
2017-07-13,{'USD': 0.7839192530000001},2013-08-31,CAD,2018-09-01
2017-07-14,{'USD': 0.7859405123000001},2013-08-31,CAD,2018-09-01
2017-07-17,{'USD': 0.7903737416000001},2013-08-31,CAD,2018-09-01
2017-07-18,{'USD': 0.7942672532},2013-08-31,CAD,2018-09-01
2017-07-19,{'USD': 0.7931911967},2013-08-31,CAD,2018-09-01
2017-07-20,{'USD': 0.7927797336},2013-08-31,CAD,2018-09-01
2017-07-21,{'USD': 0.7939170758},2013-08-31,CAD,2018-09-01
2017-07-24,{'USD': 0.7986834888000001},2013-08-31,CAD,2018-09-01
2017-07-25,{'USD': 0.8005202629},2013-08-31,CAD,2018-09-01
2017-07-26,{'USD': 0.7988474204},2013-08-31,CAD,2018-09-01
2017-07-27,{'USD': 0.8007943573},2013-08-31,CAD,2018-09-01
2017-07-28,{'USD': 0.7972403480000001},2013-08-31,CAD,2018-09-01
2017-07-31,{'USD': 0.8018461538},2013-08-31,CAD,2018-09-01
2017-08-01,{'USD': 0.8015199837},2013-08-31,CAD,2018-09-01
2017-08-02,{'USD': 0.7970487164000001},2013-08-31,CAD,2018-09-01
2017-08-03,{'USD': 0.7932579761},2013-08-31,CAD,2018-09-01
2017-08-04,{'USD': 0.7954423592000001},2013-08-31,CAD,2018-09-01
2017-08-07,{'USD': 0.7886222341},2013-08-31,CAD,2018-09-01
2017-08-08,{'USD': 0.7897586737000001},2013-08-31,CAD,2018-09-01
2017-08-09,{'USD': 0.7886386555},2013-08-31,CAD,2018-09-01
2017-08-10,{'USD': 0.7861690009000001},2013-08-31,CAD,2018-09-01
2017-08-11,{'USD': 0.7866408131},2013-08-31,CAD,2018-09-01
2017-08-14,{'USD': 0.7877796327000001},2013-08-31,CAD,2018-09-01
2017-08-15,{'USD': 0.785026738},2013-08-31,CAD,2018-09-01
2017-08-16,{'USD': 0.7854843037},2013-08-31,CAD,2018-09-01
2017-08-17,{'USD': 0.7921040157},2013-08-31,CAD,2018-09-01
2017-08-18,{'USD': 0.790093546},2013-08-31,CAD,2018-09-01
2017-08-21,{'USD': 0.7938575768},2013-08-31,CAD,2018-09-01
2017-08-22,{'USD': 0.7950155342},2013-08-31,CAD,2018-09-01
2017-08-23,{'USD': 0.7946524784000001},2013-08-31,CAD,2018-09-01
2017-08-24,{'USD': 0.7985660173},2013-08-31,CAD,2018-09-01
2017-08-25,{'USD': 0.7995124924},2013-08-31,CAD,2018-09-01
2017-08-28,{'USD': 0.8021660164000001},2013-08-31,CAD,2018-09-01
2017-08-29,{'USD': 0.8012236483},2013-08-31,CAD,2018-09-01
2017-08-30,{'USD': 0.7964708241},2013-08-31,CAD,2018-09-01
2017-08-31,{'USD': 0.7899131597},2013-08-31,CAD,2018-09-01
2017-09-01,{'USD': 0.8037761295},2013-08-31,CAD,2018-09-01
2017-09-04,{'USD': 0.8058074997},2013-08-31,CAD,2018-09-01
2017-09-05,{'USD': 0.8070866142},2013-08-31,CAD,2018-09-01
2017-09-06,{'USD': 0.8068573747000001},2013-08-31,CAD,2018-09-01
2017-09-07,{'USD': 0.8206622335},2013-08-31,CAD,2018-09-01
2017-09-08,{'USD': 0.8273307265000001},2013-08-31,CAD,2018-09-01
2017-09-11,{'USD': 0.8250464205},2013-08-31,CAD,2018-09-01
2017-09-12,{'USD': 0.8242729847},2013-08-31,CAD,2018-09-01
2017-09-13,{'USD': 0.8237518911},2013-08-31,CAD,2018-09-01
2017-09-14,{'USD': 0.8195986484000001},2013-08-31,CAD,2018-09-01
2017-09-15,{'USD': 0.8238980716000001},2013-08-31,CAD,2018-09-01
2017-09-18,{'USD': 0.8194225362},2013-08-31,CAD,2018-09-01
2017-09-19,{'USD': 0.8136468669},2013-08-31,CAD,2018-09-01
2017-09-20,{'USD': 0.8167471601},2013-08-31,CAD,2018-09-01
2017-09-21,{'USD': 0.8092033714},2013-08-31,CAD,2018-09-01
2017-09-22,{'USD': 0.8150596252000001},2013-08-31,CAD,2018-09-01
2017-09-25,{'USD': 0.8111414901},2013-08-31,CAD,2018-09-01
2017-09-26,{'USD': 0.8070523793000001},2013-08-31,CAD,2018-09-01
2017-09-27,{'USD': 0.8067198021},2013-08-31,CAD,2018-09-01
2017-09-28,{'USD': 0.8020975211},2013-08-31,CAD,2018-09-01
2017-09-29,{'USD': 0.8038401307},2013-08-31,CAD,2018-09-01
2017-10-02,{'USD': 0.7992921799},2013-08-31,CAD,2018-09-01
2017-10-03,{'USD': 0.7999591614},2013-08-31,CAD,2018-09-01
2017-10-04,{'USD': 0.8030385611},2013-08-31,CAD,2018-09-01
2017-10-05,{'USD': 0.8012282497000001},2013-08-31,CAD,2018-09-01
2017-10-06,{'USD': 0.7952584743000001},2013-08-31,CAD,2018-09-01
2017-10-09,{'USD': 0.7973660987000001},2013-08-31,CAD,2018-09-01
2017-10-10,{'USD': 0.8000678196000001},2013-08-31,CAD,2018-09-01
2017-10-11,{'USD': 0.7994323557},2013-08-31,CAD,2018-09-01
2017-10-12,{'USD': 0.8018938113},2013-08-31,CAD,2018-09-01
2017-10-13,{'USD': 0.8000812953},2013-08-31,CAD,2018-09-01
2017-10-16,{'USD': 0.7975},2013-08-31,CAD,2018-09-01
2017-10-17,{'USD': 0.7977070755000001},2013-08-31,CAD,2018-09-01
2017-10-18,{'USD': 0.7981657609},2013-08-31,CAD,2018-09-01
2017-10-19,{'USD': 0.8026860205},2013-08-31,CAD,2018-09-01
2017-10-20,{'USD': 0.8004063664000001},2013-08-31,CAD,2018-09-01
2017-10-23,{'USD': 0.7913717560000001},2013-08-31,CAD,2018-09-01
2017-10-24,{'USD': 0.7906554622},2013-08-31,CAD,2018-09-01
2017-10-25,{'USD': 0.7876094366},2013-08-31,CAD,2018-09-01
2017-10-26,{'USD': 0.7813975135},2013-08-31,CAD,2018-09-01
2017-10-27,{'USD': 0.7756834436000001},2013-08-31,CAD,2018-09-01
2017-10-30,{'USD': 0.7783885239},2013-08-31,CAD,2018-09-01
2017-10-31,{'USD': 0.775659824},2013-08-31,CAD,2018-09-01
2017-11-01,{'USD': 0.7748565328},2013-08-31,CAD,2018-09-01
2017-11-02,{'USD': 0.7784090909},2013-08-31,CAD,2018-09-01
2017-11-03,{'USD': 0.7860418071},2013-08-31,CAD,2018-09-01
2017-11-06,{'USD': 0.7837965781},2013-08-31,CAD,2018-09-01
2017-11-07,{'USD': 0.7832802656000001},2013-08-31,CAD,2018-09-01
2017-11-08,{'USD': 0.7856029282},2013-08-31,CAD,2018-09-01
2017-11-09,{'USD': 0.786927397},2013-08-31,CAD,2018-09-01
2017-11-10,{'USD': 0.7892455641},2013-08-31,CAD,2018-09-01
2017-11-13,{'USD': 0.7870889324},2013-08-31,CAD,2018-09-01
2017-11-14,{'USD': 0.7865130918000001},2013-08-31,CAD,2018-09-01
2017-11-15,{'USD': 0.7839502086},2013-08-31,CAD,2018-09-01
2017-11-16,{'USD': 0.7834276206},2013-08-31,CAD,2018-09-01
2017-11-17,{'USD': 0.7835647379},2013-08-31,CAD,2018-09-01
2017-11-20,{'USD': 0.7819593787},2013-08-31,CAD,2018-09-01
2017-11-21,{'USD': 0.7808876449000001},2013-08-31,CAD,2018-09-01
2017-11-22,{'USD': 0.7848887701},2013-08-31,CAD,2018-09-01
2017-11-23,{'USD': 0.7886048988000001},2013-08-31,CAD,2018-09-01
2017-11-24,{'USD': 0.7869210892},2013-08-31,CAD,2018-09-01
2017-11-27,{'USD': 0.7885985748000001},2013-08-31,CAD,2018-09-01
2017-11-28,{'USD': 0.7816938453000001},2013-08-31,CAD,2018-09-01
2017-11-29,{'USD': 0.7793226147000001},2013-08-31,CAD,2018-09-01
2017-11-30,{'USD': 0.7761184254},2013-08-31,CAD,2018-09-01
2017-12-01,{'USD': 0.7767466179},2013-08-31,CAD,2018-09-01
2017-12-04,{'USD': 0.7892111215000001},2013-08-31,CAD,2018-09-01
2017-12-05,{'USD': 0.7915942804},2013-08-31,CAD,2018-09-01
2017-12-06,{'USD': 0.7897480452000001},2013-08-31,CAD,2018-09-01
2017-12-07,{'USD': 0.7789306721},2013-08-31,CAD,2018-09-01
2017-12-08,{'USD': 0.7790605096000001},2013-08-31,CAD,2018-09-01
2017-12-11,{'USD': 0.7776898734000001},2013-08-31,CAD,2018-09-01
2017-12-12,{'USD': 0.7793085177},2013-08-31,CAD,2018-09-01
2017-12-13,{'USD': 0.7776305327},2013-08-31,CAD,2018-09-01
2017-12-14,{'USD': 0.7794814425000001},2013-08-31,CAD,2018-09-01
2017-12-15,{'USD': 0.7834107498},2013-08-31,CAD,2018-09-01
2017-12-18,{'USD': 0.7767533750000001},2013-08-31,CAD,2018-09-01
2017-12-19,{'USD': 0.7774709016},2013-08-31,CAD,2018-09-01
2017-12-20,{'USD': 0.7782011694000001},2013-08-31,CAD,2018-09-01
2017-12-21,{'USD': 0.7810194942},2013-08-31,CAD,2018-09-01
2017-12-22,{'USD': 0.7872086073},2013-08-31,CAD,2018-09-01
2017-12-27,{'USD': 0.7915224913000001},2013-08-31,CAD,2018-09-01
2017-12-28,{'USD': 0.7930095023},2013-08-31,CAD,2018-09-01
2017-12-29,{'USD': 0.7974599375},2013-08-31,CAD,2018-09-01
2018-01-02,{'USD': 0.7975277631000001},2013-08-31,CAD,2018-09-01
2018-01-03,{'USD': 0.7990297069000001},2013-08-31,CAD,2018-09-01
2018-01-04,{'USD': 0.7982665079},2013-08-31,CAD,2018-09-01
2018-01-05,{'USD': 0.7993761614},2013-08-31,CAD,2018-09-01
2018-01-08,{'USD': 0.8046370968000001},2013-08-31,CAD,2018-09-01
2018-01-09,{'USD': 0.8048023742},2013-08-31,CAD,2018-09-01
2018-01-10,{'USD': 0.8031612082},2013-08-31,CAD,2018-09-01
2018-01-11,{'USD': 0.7961969125},2013-08-31,CAD,2018-09-01
2018-01-12,{'USD': 0.7988021587},2013-08-31,CAD,2018-09-01
2018-01-15,{'USD': 0.8043634934},2013-08-31,CAD,2018-09-01
2018-01-16,{'USD': 0.8049229959},2013-08-31,CAD,2018-09-01
2018-01-17,{'USD': 0.8036219954},2013-08-31,CAD,2018-09-01
2018-01-18,{'USD': 0.8034014052},2013-08-31,CAD,2018-09-01
2018-01-19,{'USD': 0.8038173947},2013-08-31,CAD,2018-09-01
2018-01-22,{'USD': 0.8015062213},2013-08-31,CAD,2018-09-01
2018-01-23,{'USD': 0.8011642357000001},2013-08-31,CAD,2018-09-01
2018-01-24,{'USD': 0.8110841158000001},2013-08-31,CAD,2018-09-01
2018-01-25,{'USD': 0.8114984629},2013-08-31,CAD,2018-09-01
2018-01-26,{'USD': 0.8114845024},2013-08-31,CAD,2018-09-01
2018-01-29,{'USD': 0.810727618},2013-08-31,CAD,2018-09-01
2018-01-30,{'USD': 0.8116178777},2013-08-31,CAD,2018-09-01
2018-01-31,{'USD': 0.8147155003000001},2013-08-31,CAD,2018-09-01
2018-02-01,{'USD': 0.8117670055},2013-08-31,CAD,2018-09-01
2018-02-02,{'USD': 0.8118541626},2013-08-31,CAD,2018-09-01
2018-02-05,{'USD': 0.8042410137},2013-08-31,CAD,2018-09-01
2018-02-06,{'USD': 0.7960356405},2013-08-31,CAD,2018-09-01
2018-02-07,{'USD': 0.7988345743},2013-08-31,CAD,2018-09-01
2018-02-08,{'USD': 0.7954811063},2013-08-31,CAD,2018-09-01
2018-02-09,{'USD': 0.7930856220000001},2013-08-31,CAD,2018-09-01
2018-02-12,{'USD': 0.7949050366},2013-08-31,CAD,2018-09-01
2018-02-13,{'USD': 0.7934251158000001},2013-08-31,CAD,2018-09-01
2018-02-14,{'USD': 0.7952086553000001},2013-08-31,CAD,2018-09-01
2018-02-15,{'USD': 0.8006280441},2013-08-31,CAD,2018-09-01
2018-02-16,{'USD': 0.7996407262},2013-08-31,CAD,2018-09-01
2018-02-19,{'USD': 0.7959209851},2013-08-31,CAD,2018-09-01
2018-02-20,{'USD': 0.7934160612000001},2013-08-31,CAD,2018-09-01
2018-02-21,{'USD': 0.7891801808000001},2013-08-31,CAD,2018-09-01
2018-02-22,{'USD': 0.7874783501},2013-08-31,CAD,2018-09-01
2018-02-23,{'USD': 0.7876905341},2013-08-31,CAD,2018-09-01
2018-02-26,{'USD': 0.7888839086},2013-08-31,CAD,2018-09-01
2018-02-27,{'USD': 0.7861570908000001},2013-08-31,CAD,2018-09-01
2018-02-28,{'USD': 0.7825474116000001},2013-08-31,CAD,2018-09-01
2018-03-01,{'USD': 0.7775009582},2013-08-31,CAD,2018-09-01
2018-03-02,{'USD': 0.7763904654},2013-08-31,CAD,2018-09-01
2018-03-05,{'USD': 0.7733442252},2013-08-31,CAD,2018-09-01
2018-03-06,{'USD': 0.7760270118},2013-08-31,CAD,2018-09-01
2018-03-07,{'USD': 0.7733557549000001},2013-08-31,CAD,2018-09-01
2018-03-08,{'USD': 0.7741834954},2013-08-31,CAD,2018-09-01
2018-03-09,{'USD': 0.7755552751},2013-08-31,CAD,2018-09-01
2018-03-12,{'USD': 0.7794956279},2013-08-31,CAD,2018-09-01
2018-03-13,{'USD': 0.7789804909},2013-08-31,CAD,2018-09-01
2018-03-14,{'USD': 0.7734008629},2013-08-31,CAD,2018-09-01
2018-03-15,{'USD': 0.7701092044000001},2013-08-31,CAD,2018-09-01
2018-03-16,{'USD': 0.7646546901},2013-08-31,CAD,2018-09-01
2018-03-19,{'USD': 0.7642968022000001},2013-08-31,CAD,2018-09-01
2018-03-20,{'USD': 0.7653366584},2013-08-31,CAD,2018-09-01
2018-03-21,{'USD': 0.7704270396},2013-08-31,CAD,2018-09-01
2018-03-22,{'USD': 0.7751274467},2013-08-31,CAD,2018-09-01
2018-03-23,{'USD': 0.7780438619000001},2013-08-31,CAD,2018-09-01
2018-03-26,{'USD': 0.7758329687000001},2013-08-31,CAD,2018-09-01
2018-03-27,{'USD': 0.7759734153000001},2013-08-31,CAD,2018-09-01
2018-03-28,{'USD': 0.7761362214},2013-08-31,CAD,2018-09-01
2018-03-29,{'USD': 0.7751494181},2013-08-31,CAD,2018-09-01
2018-04-03,{'USD': 0.7781008977},2013-08-31,CAD,2018-09-01
2018-04-04,{'USD': 0.7791317593},2013-08-31,CAD,2018-09-01
2018-04-05,{'USD': 0.7829363305},2013-08-31,CAD,2018-09-01
2018-04-06,{'USD': 0.7817252396000001},2013-08-31,CAD,2018-09-01
2018-04-09,{'USD': 0.7823985756},2013-08-31,CAD,2018-09-01
2018-04-10,{'USD': 0.7900926814},2013-08-31,CAD,2018-09-01
2018-04-11,{'USD': 0.792576},2013-08-31,CAD,2018-09-01
2018-04-12,{'USD': 0.7941612425},2013-08-31,CAD,2018-09-01
2018-04-13,{'USD': 0.7955690479},2013-08-31,CAD,2018-09-01
2018-04-16,{'USD': 0.7931520903},2013-08-31,CAD,2018-09-01
2018-04-17,{'USD': 0.7966604345},2013-08-31,CAD,2018-09-01
2018-04-18,{'USD': 0.7955304392},2013-08-31,CAD,2018-09-01
2018-04-19,{'USD': 0.79341279},2013-08-31,CAD,2018-09-01
2018-04-20,{'USD': 0.7912193868},2013-08-31,CAD,2018-09-01
2018-04-23,{'USD': 0.7820308007000001},2013-08-31,CAD,2018-09-01
2018-04-24,{'USD': 0.779785468},2013-08-31,CAD,2018-09-01
2018-04-25,{'USD': 0.7759169638000001},2013-08-31,CAD,2018-09-01
2018-04-26,{'USD': 0.7791010373},2013-08-31,CAD,2018-09-01
2018-04-27,{'USD': 0.7762557078000001},2013-08-31,CAD,2018-09-01
2018-04-30,{'USD': 0.7771844036000001},2013-08-31,CAD,2018-09-01
2018-05-02,{'USD': 0.7796246997},2013-08-31,CAD,2018-09-01
2018-05-03,{'USD': 0.7784990911},2013-08-31,CAD,2018-09-01
2018-05-04,{'USD': 0.7767034393000001},2013-08-31,CAD,2018-09-01
2018-05-07,{'USD': 0.7759812231000001},2013-08-31,CAD,2018-09-01
2018-05-08,{'USD': 0.770879335},2013-08-31,CAD,2018-09-01
2018-05-09,{'USD': 0.7764559775000001},2013-08-31,CAD,2018-09-01
2018-05-10,{'USD': 0.7828895334},2013-08-31,CAD,2018-09-01
2018-05-11,{'USD': 0.7852865697},2013-08-31,CAD,2018-09-01
2018-05-14,{'USD': 0.783478204},2013-08-31,CAD,2018-09-01
2018-05-15,{'USD': 0.7790598571},2013-08-31,CAD,2018-09-01
2018-05-16,{'USD': 0.7772574368},2013-08-31,CAD,2018-09-01
2018-05-17,{'USD': 0.7829806991},2013-08-31,CAD,2018-09-01
2018-05-18,{'USD': 0.7815443811},2013-08-31,CAD,2018-09-01
2018-05-21,{'USD': 0.7767355836000001},2013-08-31,CAD,2018-09-01
2018-05-22,{'USD': 0.7828222488000001},2013-08-31,CAD,2018-09-01
2018-05-23,{'USD': 0.7749023761},2013-08-31,CAD,2018-09-01
2018-05-24,{'USD': 0.7761233538000001},2013-08-31,CAD,2018-09-01
2018-05-25,{'USD': 0.7718497951000001},2013-08-31,CAD,2018-09-01
2018-05-28,{'USD': 0.770411539},2013-08-31,CAD,2018-09-01
2018-05-29,{'USD': 0.7675654137},2013-08-31,CAD,2018-09-01
2018-05-30,{'USD': 0.7706883986},2013-08-31,CAD,2018-09-01
2018-05-31,{'USD': 0.777962495},2013-08-31,CAD,2018-09-01
2018-06-01,{'USD': 0.7706379606},2013-08-31,CAD,2018-09-01
2018-06-04,{'USD': 0.7748217586},2013-08-31,CAD,2018-09-01
2018-06-05,{'USD': 0.7702203457},2013-08-31,CAD,2018-09-01
2018-06-06,{'USD': 0.7765676568000001},2013-08-31,CAD,2018-09-01
2018-06-07,{'USD': 0.7729380265},2013-08-31,CAD,2018-09-01
2018-06-08,{'USD': 0.7695430143},2013-08-31,CAD,2018-09-01
2018-06-11,{'USD': 0.7681782643},2013-08-31,CAD,2018-09-01
2018-06-12,{'USD': 0.7686990545},2013-08-31,CAD,2018-09-01
2018-06-13,{'USD': 0.7682361392},2013-08-31,CAD,2018-09-01
2018-06-14,{'USD': 0.7705951912},2013-08-31,CAD,2018-09-01
2018-06-15,{'USD': 0.7617421008},2013-08-31,CAD,2018-09-01
2018-06-18,{'USD': 0.7586725028},2013-08-31,CAD,2018-09-01
2018-06-19,{'USD': 0.752921209},2013-08-31,CAD,2018-09-01
2018-06-20,{'USD': 0.7519158332},2013-08-31,CAD,2018-09-01
2018-06-21,{'USD': 0.7501462844},2013-08-31,CAD,2018-09-01
2018-06-22,{'USD': 0.753476939},2013-08-31,CAD,2018-09-01
2018-06-25,{'USD': 0.7527988676},2013-08-31,CAD,2018-09-01
2018-06-26,{'USD': 0.7506592064000001},2013-08-31,CAD,2018-09-01
2018-06-27,{'USD': 0.7521854562},2013-08-31,CAD,2018-09-01
2018-06-28,{'USD': 0.7522405507000001},2013-08-31,CAD,2018-09-01
2018-06-29,{'USD': 0.7549540215},2013-08-31,CAD,2018-09-01
2018-07-02,{'USD': 0.7586364229},2013-08-31,CAD,2018-09-01
2018-07-03,{'USD': 0.7602320125},2013-08-31,CAD,2018-09-01
2018-07-04,{'USD': 0.7606167516},2013-08-31,CAD,2018-09-01
2018-07-05,{'USD': 0.7616105113},2013-08-31,CAD,2018-09-01
2018-07-06,{'USD': 0.7614470351},2013-08-31,CAD,2018-09-01
2018-07-09,{'USD': 0.7647745702000001},2013-08-31,CAD,2018-09-01
2018-07-10,{'USD': 0.7614744507000001},2013-08-31,CAD,2018-09-01
2018-07-11,{'USD': 0.7609752934},2013-08-31,CAD,2018-09-01
2018-07-12,{'USD': 0.7585399180000001},2013-08-31,CAD,2018-09-01
2018-07-13,{'USD': 0.7581065243},2013-08-31,CAD,2018-09-01
2018-07-16,{'USD': 0.7610883824},2013-08-31,CAD,2018-09-01
2018-07-17,{'USD': 0.7600467441000001},2013-08-31,CAD,2018-09-01
2018-07-18,{'USD': 0.7544999675},2013-08-31,CAD,2018-09-01
2018-07-19,{'USD': 0.7548693896},2013-08-31,CAD,2018-09-01
2018-07-20,{'USD': 0.7556821861},2013-08-31,CAD,2018-09-01
2018-07-23,{'USD': 0.7614219796},2013-08-31,CAD,2018-09-01
2018-07-24,{'USD': 0.7604755408},2013-08-31,CAD,2018-09-01
2018-07-25,{'USD': 0.7620102992000001},2013-08-31,CAD,2018-09-01
2018-07-26,{'USD': 0.7664028259},2013-08-31,CAD,2018-09-01
2018-07-27,{'USD': 0.7651550056},2013-08-31,CAD,2018-09-01
2018-07-30,{'USD': 0.7664152181},2013-08-31,CAD,2018-09-01
2018-07-31,{'USD': 0.7671591058},2013-08-31,CAD,2018-09-01
2018-08-01,{'USD': 0.767907557},2013-08-31,CAD,2018-09-01
2018-08-02,{'USD': 0.7671024828},2013-08-31,CAD,2018-09-01
2018-08-03,{'USD': 0.7681803116},2013-08-31,CAD,2018-09-01
2018-08-06,{'USD': 0.767895157},2013-08-31,CAD,2018-09-01
2018-08-07,{'USD': 0.7710507078000001},2013-08-31,CAD,2018-09-01
2018-08-08,{'USD': 0.764546774},2013-08-31,CAD,2018-09-01
2018-08-09,{'USD': 0.7671894646},2013-08-31,CAD,2018-09-01
2018-08-10,{'USD': 0.7636315158},2013-08-31,CAD,2018-09-01
2018-08-13,{'USD': 0.7604027741},2013-08-31,CAD,2018-09-01
2018-08-14,{'USD': 0.7650412503},2013-08-31,CAD,2018-09-01
2018-08-15,{'USD': 0.7632306344},2013-08-31,CAD,2018-09-01
2018-08-16,{'USD': 0.7609423103},2013-08-31,CAD,2018-09-01
2018-08-17,{'USD': 0.7606169872},2013-08-31,CAD,2018-09-01
2018-08-20,{'USD': 0.7650566088},2013-08-31,CAD,2018-09-01
2018-08-21,{'USD': 0.7679262919000001},2013-08-31,CAD,2018-09-01
2018-08-22,{'USD': 0.7679492265000001},2013-08-31,CAD,2018-09-01
2018-08-23,{'USD': 0.7673802107000001},2013-08-31,CAD,2018-09-01
2018-08-24,{'USD': 0.7652380638},2013-08-31,CAD,2018-09-01
2018-08-27,{'USD': 0.7662363325},2013-08-31,CAD,2018-09-01
2018-08-28,{'USD': 0.7740613432},2013-08-31,CAD,2018-09-01
2018-08-29,{'USD': 0.7725435632000001},2013-08-31,CAD,2018-09-01
2018-08-30,{'USD': 0.7734338824},2013-08-31,CAD,2018-09-01
2018-08-31,{'USD': 0.7669167983},2013-08-31,CAD,2018-09-01
